file,start,end,Loudness_sma3,alphaRatio_sma3,hammarbergIndex_sma3,slope0-500_sma3,slope500-1500_sma3,F0semitoneFrom27.5Hz_sma3nz,jitterLocal_sma3nz,shimmerLocaldB_sma3nz,HNRdBACF_sma3nz,logRelF0-H1-H2_sma3nz,logRelF0-H1-A3_sma3nz,F1frequency_sma3nz,F1bandwidth_sma3nz,F1amplitudeLogRelF0_sma3nz,F2frequency_sma3nz,F2amplitudeLogRelF0_sma3nz,F3frequency_sma3nz,F3amplitudeLogRelF0_sma3nz
../../aligned/aligner-corpus/Anita_MUSSO_F_46_11e-v2/Anita Musso_1056.942_1060.072.wav,0.0,0.02,1.2005788,-15.088904,20.418852,0.06985728,-0.029030725,0.0,0.0,0.0,0.0,0.0,0.0,322.5491,990.8833,-201.0,1547.3771,-201.0,2429.4385,-201.0
../../aligned/aligner-corpus/Anita_MUSSO_F_46_11e-v2/Anita Musso_1056.942_1060.072.wav,0.01,0.03,1.3579464,-12.0899515,16.864256,0.09017593,-0.02408723,0.0,0.0,0.0,0.0,0.0,0.0,305.92368,1017.4854,-201.0,1506.5018,-201.0,2417.317,-201.0
../../aligned/aligner-corpus/Anita_MUSSO_F_46_11e-v2/Anita Musso_1056.942_1060.072.wav,0.02,0.04,1.4610437,-6.9875736,12.860172,0.10586188,-0.017136522,0.0,0.0,0.0,0.0,0.0,0.0,630.4397,772.7402,-201.0,1761.2057,-201.0,2778.832,-201.0
../../aligned/aligner-corpus/Anita_MUSSO_F_46_11e-v2/Anita Musso_1056.942_1060.072.wav,0.03,0.05,1.4492651,-3.044215,10.506252,0.124744,-0.0149545,0.0,0.0,0.0,0.0,0.0,0.0,919.26874,514.68646,-201.0,2011.8032,-201.0,3090.9714,-201.0
../../aligned/aligner-corpus/Anita_MUSSO_F_46_11e-v2/Anita Musso_1056.942_1060.072.wav,0.04,0.06,1.3130612,-1.5080566,10.9025345,0.102971375,-0.015063583,0.0,0.0,0.0,0.0,0.0,0.0,1234.3756,203.77458,-201.0,2287.636,-201.0,3409.0469,-201.0
../../aligned/aligner-corpus/Anita_MUSSO_F_46_11e-v2/Anita Musso_1056.942_1060.072.wav,0.05,0.07,1.203333,-2.001569,10.744762,0.08366398,-0.014049757,0.0,0.0,0.0,0.0,0.0,0.0,1190.4176,198.91716,-201.0,2238.263,-201.0,3350.289,-201.0
../../aligned/aligner-corpus/Anita_MUSSO_F_46_11e-v2/Anita Musso_1056.942_1060.072.wav,0.06,0.08,1.0849236,-2.3778083,11.082034,0.054200202,-0.009202505,0.0,0.0,0.0,0.0,0.0,0.0,1175.9941,232.4759,-201.0,2218.1936,-201.0,3323.7844,-201.0
../../aligned/aligner-corpus/Anita_MUSSO_F_46_11e-v2/Anita Musso_1056.942_1060.072.wav,0.07,0.09,1.0293862,-1.4781545,9.718228,0.042716656,-0.0031242182,0.0,0.0,0.0,0.0,0.0,0.0,1145.3435,364.29288,-201.0,2233.7856,-201.0,3288.2703,-201.0
../../aligned/aligner-corpus/Anita_MUSSO_F_46_11e-v2/Anita Musso_1056.942_1060.072.wav,0.08,0.1,0.96688575,-0.4499112,9.689422,0.043026637,-0.005456667,0.0,0.0,0.0,0.0,0.0,0.0,848.45306,718.0932,-131.2457,1939.4645,-136.0328,3000.0137,-138.596
../../aligned/aligner-corpus/Anita_MUSSO_F_46_11e-v2/Anita Musso_1056.942_1060.072.wav,0.09,0.11,0.861798,-1.4640703,10.839714,0.04350694,-0.002575881,23.904037,0.0,0.0,-1.787785,0.36769104,27.714108,856.19653,888.06476,-66.136696,1987.2633,-76.49389,2988.9434,-79.55036
../../aligned/aligner-corpus/Anita_MUSSO_F_46_11e-v2/Anita Musso_1056.942_1060.072.wav,0.1,0.12,0.720009,-3.8558416,13.067906,0.049121905,-0.0062620253,25.757011,0.0,0.0,-1.3227221,0.24653721,31.753176,868.93976,1087.0397,-3.7833622,1935.9291,-18.81786,2940.9316,-23.304682
../../aligned/aligner-corpus/Anita_MUSSO_F_46_11e-v2/Anita Musso_1056.942_1060.072.wav,0.11,0.13,0.7409158,-10.834832,20.68532,0.05624619,-0.014540564,27.57841,0.0,0.0,0.08104042,-0.61091757,36.105526,886.20245,1178.2863,-4.658673,1871.9205,-20.754126,2894.429,-29.608759
../../aligned/aligner-corpus/Anita_MUSSO_F_46_11e-v2/Anita Musso_1056.942_1060.072.wav,0.12,0.14,0.94643,-16.54907,26.676432,0.06963597,-0.03023686,29.13148,0.0,0.0,1.7012501,0.81846315,40.123253,842.5866,1317.829,-6.6035037,1908.4889,-24.424866,3050.6384,-34.57681
../../aligned/aligner-corpus/Anita_MUSSO_F_46_11e-v2/Anita Musso_1056.942_1060.072.wav,0.13,0.15,1.2464961,-20.234962,34.40817,0.08749401,-0.03879142,28.812431,0.0,0.0,3.6553252,1.7900101,38.9159,569.4423,1396.4913,-1.9465843,1570.4696,-20.439457,2791.1272,-35.881985
../../aligned/aligner-corpus/Anita_MUSSO_F_46_11e-v2/Anita Musso_1056.942_1060.072.wav,0.14,0.16,1.3355862,-19.499897,35.413006,0.09260002,-0.037926506,28.570658,0.0,0.0,4.767719,3.0696878,36.7397,580.62244,1301.2833,-5.7383657,1585.8475,-23.484049,2781.5325,-36.77789
../../aligned/aligner-corpus/Anita_MUSSO_F_46_11e-v2/Anita Musso_1056.942_1060.072.wav,0.15,0.17,1.1903683,-19.152498,35.745655,0.083189465,-0.038667064,28.455729,0.043297697,2.301096,4.328317,5.512636,30.826876,275.45425,1583.1475,0.0,1113.7384,-17.872118,2288.2634,-33.54024
../../aligned/aligner-corpus/Anita_MUSSO_F_46_11e-v2/Anita Musso_1056.942_1060.072.wav,0.16,0.18,0.9099343,-19.355173,34.41466,0.05062137,-0.03599883,28.47825,0.033309344,2.4520986,2.147484,4.527672,28.513536,464.69162,1531.7211,0.0,1389.4672,-16.96174,2591.8577,-31.08142
../../aligned/aligner-corpus/Anita_MUSSO_F_46_11e-v2/Anita Musso_1056.942_1060.072.wav,0.17,0.19,0.7081513,-17.972101,31.283058,0.02353801,-0.0321884,28.619507,0.03155082,2.2598422,0.050940115,2.811742,22.795973,491.70203,1621.1074,-1.8646903,1398.1207,-12.453698,2523.36,-21.503998
../../aligned/aligner-corpus/Anita_MUSSO_F_46_11e-v2/Anita Musso_1056.942_1060.072.wav,0.18,0.2,0.62064725,-15.15001,27.962975,0.04162109,-0.02299101,28.847343,0.03667294,2.621997,-0.7904822,-0.830097,21.804773,556.2251,1434.8134,2.394491,1485.6945,-8.891888,2550.362,-15.344673
../../aligned/aligner-corpus/Anita_MUSSO_F_46_11e-v2/Anita Musso_1056.942_1060.072.wav,0.19,0.21,0.67758656,-11.403234,23.507284,0.071067214,-0.02124858,29.012735,0.06184244,2.5330098,-0.47576657,-1.8008982,17.528368,650.1157,1467.0646,3.5885046,1490.3363,-7.6012073,2574.635,-9.278306
../../aligned/aligner-corpus/Anita_MUSSO_F_46_11e-v2/Anita Musso_1056.942_1060.072.wav,0.2,0.22,0.6437927,-10.644163,22.802025,0.084994696,-0.022046342,29.032383,0.088841155,2.4871418,-0.018384386,-2.375411,18.964617,871.9089,1329.9347,-66.29553,1830.7598,-72.09559,2978.0964,-74.05976
../../aligned/aligner-corpus/Anita_MUSSO_F_46_11e-v2/Anita Musso_1056.942_1060.072.wav,0.21,0.23,0.6507668,-9.202565,19.506905,0.069530986,-0.023476293,0.0,0.0,0.0,0.0,0.0,0.0,872.12573,1226.2543,-136.93315,1852.682,-137.1375,3016.5898,-137.5343
../../aligned/aligner-corpus/Anita_MUSSO_F_46_11e-v2/Anita Musso_1056.942_1060.072.wav,0.22,0.24,0.62097186,-7.1552787,15.4813385,0.051788185,-0.017885499,0.0,0.0,0.0,0.0,0.0,0.0,559.12714,1210.0503,-201.0,1658.0215,-201.0,2712.0408,-201.0
../../aligned/aligner-corpus/Anita_MUSSO_F_46_11e-v2/Anita Musso_1056.942_1060.072.wav,0.23,0.25,0.72048813,-2.9519975,8.323863,0.05929992,-0.0134229,0.0,0.0,0.0,0.0,0.0,0.0,286.57526,1173.3419,-201.0,1401.8497,-201.0,2413.97,-201.0
../../aligned/aligner-corpus/Anita_MUSSO_F_46_11e-v2/Anita Musso_1056.942_1060.072.wav,0.24,0.26,0.79967666,1.0759058,3.2818172,0.059340965,-0.006048457,0.0,0.0,0.0,0.0,0.0,0.0,334.11316,1079.5874,-131.49394,1408.4655,-140.79527,2403.0222,-142.62267
../../aligned/aligner-corpus/Anita_MUSSO_F_46_11e-v2/Anita Musso_1056.942_1060.072.wav,0.25,0.27,0.8088327,1.4757328,3.1494687,0.07697382,-0.011273791,29.977226,0.0,0.0,2.7022486,-4.6471343,29.089838,371.82108,968.3227,-62.79555,1428.9323,-78.693596,2441.7722,-83.66461
../../aligned/aligner-corpus/Anita_MUSSO_F_46_11e-v2/Anita Musso_1056.942_1060.072.wav,0.26,0.28,0.8549656,-5.198156,9.500768,0.07982252,-0.016954297,29.954195,0.0,0.0,4.149533,-4.9307766,28.545301,389.0021,1167.3867,6.0661883,1468.7301,-14.714447,2533.5906,-23.95495
../../aligned/aligner-corpus/Anita_MUSSO_F_46_11e-v2/Anita Musso_1056.942_1060.072.wav,0.27,0.29,1.2648313,-14.32166,22.077063,0.09084622,-0.03254811,29.877024,0.0,0.0,6.5127025,-5.569239,28.268463,436.18726,1319.7753,4.7971597,1565.8408,-10.946594,2711.58,-23.11998
../../aligned/aligner-corpus/Anita_MUSSO_F_46_11e-v2/Anita Musso_1056.942_1060.072.wav,0.28,0.3,1.9614321,-20.245752,30.26841,0.09114161,-0.040734965,29.731249,0.0,0.0,7.6123238,-6.149736,22.951921,452.413,1448.9595,6.5457306,1638.6572,-9.227862,2479.282,-18.257614
../../aligned/aligner-corpus/Anita_MUSSO_F_46_11e-v2/Anita Musso_1056.942_1060.072.wav,0.29,0.31,2.6604402,-18.401358,32.91864,0.08870494,-0.044518065,29.524086,0.0,2.046749,7.48246,-6.470183,23.041441,555.0411,1508.4213,6.2855706,1678.5371,-9.716865,2474.5073,-19.2733
../../aligned/aligner-corpus/Anita_MUSSO_F_46_11e-v2/Anita Musso_1056.942_1060.072.wav,0.3,0.32,3.0023396,-15.320708,30.13028,0.082535915,-0.042588267,29.315638,0.014849642,1.4941849,6.282951,-5.9790993,23.038382,519.7055,1622.6884,7.2362843,1639.1698,-10.754842,2357.2087,-20.29407
../../aligned/aligner-corpus/Anita_MUSSO_F_46_11e-v2/Anita Musso_1056.942_1060.072.wav,0.31,0.33,3.1156766,-14.119113,29.266272,0.076114796,-0.03794254,29.114828,0.015237008,0.6157163,4.2668066,-3.6562102,29.020248,514.50543,1676.4076,3.7107856,1550.3466,-13.517072,2556.4114,-27.478546
../../aligned/aligner-corpus/Anita_MUSSO_F_46_11e-v2/Anita Musso_1056.942_1060.072.wav,0.32,0.34,2.9756215,-14.909551,30.823633,0.07329574,-0.031174729,28.719551,0.0115125505,0.32003048,2.8423233,2.343185,27.731146,417.39023,1630.3512,-2.11577,1416.0641,-17.023207,2354.791,-27.503733
../../aligned/aligner-corpus/Anita_MUSSO_F_46_11e-v2/Anita Musso_1056.942_1060.072.wav,0.33,0.35,2.4447334,-15.114707,31.937769,0.05168895,-0.028337315,28.394468,0.012891854,0.51435304,2.973439,10.839458,31.874979,620.04596,1584.9467,-12.648221,1574.4238,-22.480078,2575.1497,-32.34966
../../aligned/aligner-corpus/Anita_MUSSO_F_46_11e-v2/Anita Musso_1056.942_1060.072.wav,0.34,0.36,1.7702156,-16.176466,34.192677,0.02281534,-0.026432939,28.104082,0.010122309,1.8045826,3.8904407,17.40267,34.95473,791.5998,1601.8419,-21.777288,1725.4619,-26.760721,2857.0427,-35.1655
../../aligned/aligner-corpus/Anita_MUSSO_F_46_11e-v2/Anita Musso_1056.942_1060.072.wav,0.35,0.37,1.2322544,-17.884691,33.36798,0.01639762,-0.0253392,28.09845,0.04285937,2.1424289,4.6359725,16.992342,40.35852,796.841,1556.2584,-26.328466,1767.2867,-32.384914,2957.7188,-39.789288
../../aligned/aligner-corpus/Anita_MUSSO_F_46_11e-v2/Anita Musso_1056.942_1060.072.wav,0.36,0.38,1.1170592,-20.296312,34.432335,0.024510661,-0.02611172,28.10647,0.060566593,2.2697046,4.8290367,12.903619,41.394672,715.5136,1535.6251,0.0,1688.8964,-31.188234,2881.7002,-40.443897
../../aligned/aligner-corpus/Anita_MUSSO_F_46_11e-v2/Anita Musso_1056.942_1060.072.wav,0.37,0.39,1.1147195,-22.001617,35.98606,0.0449937,-0.029453555,28.278658,0.07168159,1.2354746,4.9590626,8.354642,41.076603,649.1369,1473.2152,-24.202976,1626.247,-31.706888,2777.8606,-40.56592
../../aligned/aligner-corpus/Anita_MUSSO_F_46_11e-v2/Anita Musso_1056.942_1060.072.wav,0.38,0.4,1.1198219,-22.495157,39.162003,0.03855698,-0.032327857,28.599577,0.044793963,1.143077,4.3056345,5.9930573,41.848297,775.27435,1454.1503,-22.378763,1717.505,-28.475214,3003.8145,-42.466843
../../aligned/aligner-corpus/Anita_MUSSO_F_46_11e-v2/Anita Musso_1056.942_1060.072.wav,0.39,0.41,1.0668956,-22.853485,40.40405,0.040830534,-0.03200142,29.326212,0.032059554,1.0311131,4.1665516,4.8400235,42.80316,623.7504,1527.195,-15.492143,1548.3451,-29.542929,2864.0334,-42.61842
../../aligned/aligner-corpus/Anita_MUSSO_F_46_11e-v2/Anita Musso_1056.942_1060.072.wav,0.4,0.42,1.0105053,-24.072798,38.567207,0.034097627,-0.030656481,30.043312,0.027565284,1.0179595,4.4578424,5.017101,45.47578,515.6131,1607.5586,-4.659421,1391.5834,-29.181519,2580.446,-42.98839
../../aligned/aligner-corpus/Anita_MUSSO_F_46_11e-v2/Anita Musso_1056.942_1060.072.wav,0.41,0.43,1.161109,-24.219435,37.375732,0.047078583,-0.037131276,30.779284,0.027565284,1.0179595,5.729527,7.617124,50.83128,563.77203,1602.2015,-1.6907023,1449.7002,-30.782663,2676.0647,-44.958416
../../aligned/aligner-corpus/Anita_MUSSO_F_46_11e-v2/Anita Musso_1056.942_1060.072.wav,0.42,0.44,1.437797,-26.412485,38.926884,0.05819041,-0.044300105,31.239206,0.04941828,1.8860346,6.741176,9.893198,52.828297,773.5538,1466.067,-10.502255,1751.2135,-37.548893,2974.8728,-45.437347
../../aligned/aligner-corpus/Anita_MUSSO_F_46_11e-v2/Anita Musso_1056.942_1060.072.wav,0.43,0.45,1.7486992,-28.30852,42.241993,0.076886885,-0.054160338,31.62029,0.047809143,1.8140374,7.836462,11.491399,56.2064,934.31793,1315.4462,-19.480274,2011.5107,-43.064804,3395.4316,-48.640095
../../aligned/aligner-corpus/Anita_MUSSO_F_46_11e-v2/Anita Musso_1056.942_1060.072.wav,0.44,0.46,1.8372129,-31.798994,46.450397,0.07886538,-0.05814084,31.80942,0.04781663,1.6759686,8.70427,11.739285,53.409756,957.5916,1228.8278,-24.106665,2160.0498,-47.3004,3560.5437,-46.76598
../../aligned/aligner-corpus/Anita_MUSSO_F_46_11e-v2/Anita Musso_1056.942_1060.072.wav,0.45,0.47,1.6582743,-33.434353,46.64331,0.07004258,-0.060927156,31.805374,0.02354771,0.81412107,7.9087677,10.837883,50.228085,913.1607,1177.9471,-20.658625,2150.9211,-44.38161,3312.0725,-45.06722
../../aligned/aligner-corpus/Anita_MUSSO_F_46_11e-v2/Anita Musso_1056.942_1060.072.wav,0.46,0.48,1.3768357,-32.51898,46.452778,0.06311672,-0.057292897,31.342842,0.01798541,1.2419,5.6403427,11.9518585,44.773407,906.60333,1206.1005,-20.493078,2183.2842,-41.362602,3301.8699,-40.581936
../../aligned/aligner-corpus/Anita_MUSSO_F_46_11e-v2/Anita Musso_1056.942_1060.072.wav,0.47,0.49,1.0583293,-31.358877,43.000347,0.049702246,-0.052269906,31.041534,0.010260007,1.569286,3.4892976,9.817988,40.98376,670.1944,1477.3872,-18.887943,1754.3861,-30.954178,2767.6174,-36.288395
../../aligned/aligner-corpus/Anita_MUSSO_F_46_11e-v2/Anita Musso_1056.942_1060.072.wav,0.48,0.5,0.85153407,-27.597513,39.621853,0.048647597,-0.046193868,31.206385,0.0045155617,1.8146106,2.31367,7.982883,39.807194,480.44702,1610.1235,0.0,1407.1903,-24.471947,2588.686,-33.94316
../../aligned/aligner-corpus/Anita_MUSSO_F_46_11e-v2/Anita Musso_1056.942_1060.072.wav,0.49,0.51,0.70148325,-26.552933,36.58051,0.03702612,-0.04139462,31.807035,0.0035266357,1.710381,1.7095422,4.094867,38.381687,287.64536,1755.1158,6.753331,1062.8352,-15.943626,2301.703,-32.286453
../../aligned/aligner-corpus/Anita_MUSSO_F_46_11e-v2/Anita Musso_1056.942_1060.072.wav,0.5,0.52,0.606921,-23.215897,32.547855,0.033718202,-0.038884062,32.291763,0.004125521,1.4591652,0.3528653,3.4810302,38.11701,324.2611,1636.8561,0.0,1086.886,-14.624501,2348.5027,-31.867325
../../aligned/aligner-corpus/Anita_MUSSO_F_46_11e-v2/Anita Musso_1056.942_1060.072.wav,0.51,0.53,0.5601408,-21.98348,31.95292,0.028802847,-0.035184514,32.304367,0.023650043,1.7309904,-1.5765314,3.759908,38.115444,327.84775,1634.5835,9.262813,1103.8247,-12.228267,2384.4746,-30.335016
../../aligned/aligner-corpus/Anita_MUSSO_F_46_11e-v2/Anita Musso_1056.942_1060.072.wav,0.52,0.54,0.5320036,-20.405512,30.172728,0.032428417,-0.03357708,32.50745,0.03360561,1.5511645,-3.0923584,4.149877,39.484295,579.2607,1584.2108,3.7536619,1540.5854,-15.99358,2537.364,-29.4252
../../aligned/aligner-corpus/Anita_MUSSO_F_46_11e-v2/Anita Musso_1056.942_1060.072.wav,0.53,0.55,0.6828535,-20.858152,33.10965,0.044852752,-0.04125225,32.757977,0.039864704,2.4438746,-3.55282,4.7897215,38.21406,542.43207,1608.5957,2.04046,1541.7701,-14.5419655,2658.4653,-28.045853
../../aligned/aligner-corpus/Anita_MUSSO_F_46_11e-v2/Anita Musso_1056.942_1060.072.wav,0.54,0.56,0.8706994,-20.48452,33.00761,0.06616474,-0.043067675,32.77002,0.02704624,3.5860398,-2.5236592,6.8496013,35.27682,784.0027,1597.8741,0.0,1807.2549,-14.952254,2959.1465,-28.126825
../../aligned/aligner-corpus/Anita_MUSSO_F_46_11e-v2/Anita Musso_1056.942_1060.072.wav,0.55,0.57,0.9984724,-16.79328,31.053808,0.06952305,-0.038986534,32.631577,0.01931641,4.8078227,-1.5888733,10.314887,31.970795,725.64874,1517.3324,-1.9030415,1593.6764,-12.872685,3047.6357,-28.961304
../../aligned/aligner-corpus/Anita_MUSSO_F_46_11e-v2/Anita Musso_1056.942_1060.072.wav,0.56,0.58,0.94153196,-11.486431,25.014334,0.06279379,-0.019700037,32.54872,0.014241722,5.2705193,-1.0646025,12.1490755,33.69447,925.84784,1359.0167,-6.3384457,1864.285,-23.033106,3203.4587,-34.23741
../../aligned/aligner-corpus/Anita_MUSSO_F_46_11e-v2/Anita Musso_1056.942_1060.072.wav,0.57,0.59,0.8818721,-8.157205,22.790586,0.04645668,-0.0068526356,32.983173,0.009761402,4.8984857,-0.36358497,12.888515,37.935184,888.2641,1242.3324,-14.113747,1848.3651,-28.280487,3237.9958,-40.35164
../../aligned/aligner-corpus/Anita_MUSSO_F_46_11e-v2/Anita Musso_1056.942_1060.072.wav,0.58,0.6,0.8646717,-8.844804,24.520254,0.049248468,-0.0036435947,33.38541,0.01745618,3.4756365,1.5283551,11.602534,39.447124,907.30975,1199.7262,-21.35406,1868.5863,-32.636364,3208.1848,-42.697094
../../aligned/aligner-corpus/Anita_MUSSO_F_46_11e-v2/Anita Musso_1056.942_1060.072.wav,0.59,0.61,1.0131794,-13.008667,31.459412,0.056506734,-0.007890794,33.6761,0.025045276,2.8055732,3.964862,10.927854,36.853806,734.7233,1271.4059,-17.839933,1645.1898,-29.348394,2866.6533,-40.609432
../../aligned/aligner-corpus/Anita_MUSSO_F_46_11e-v2/Anita Musso_1056.942_1060.072.wav,0.6,0.62,1.1078542,-17.658422,35.563507,0.06605413,-0.018274454,33.322258,0.027691677,1.7283176,5.1623273,7.3016644,30.61039,542.0739,1276.5588,-14.5286,1414.1289,-29.197874,2544.8357,-37.422756
../../aligned/aligner-corpus/Anita_MUSSO_F_46_11e-v2/Anita Musso_1056.942_1060.072.wav,0.61,0.63,1.1947676,-20.678331,36.362556,0.08396285,-0.021045223,32.776936,0.016815342,1.9458195,6.124513,5.2381215,30.56109,373.7716,1386.8568,-9.574126,1294.2284,-29.553885,2397.3943,-40.135216
../../aligned/aligner-corpus/Anita_MUSSO_F_46_11e-v2/Anita Musso_1056.942_1060.072.wav,0.62,0.64,1.0321604,-22.318993,35.86078,0.07973266,-0.022563266,32.0895,0.006044691,1.4105359,6.5467887,6.3686748,31.58489,383.46057,1354.7802,-11.148364,1287.8998,-32.857925,2466.485,-42.733257
../../aligned/aligner-corpus/Anita_MUSSO_F_46_11e-v2/Anita Musso_1056.942_1060.072.wav,0.63,0.65,0.8798893,-23.664007,37.096508,0.0752561,-0.023078501,31.589205,0.021538245,1.312514,6.5302505,11.394168,35.490234,537.32837,1492.6317,-18.615826,1473.2676,-34.81251,2697.3665,-44.446884
../../aligned/aligner-corpus/Anita_MUSSO_F_46_11e-v2/Anita Musso_1056.942_1060.072.wav,0.64,0.66,0.7712514,-26.516699,40.997833,0.052290823,-0.028216891,30.96199,0.04285976,1.3425831,4.841617,11.93251,35.65992,514.2279,1509.3467,-14.98436,1372.0449,-32.557446,2618.6123,-40.985107
../../aligned/aligner-corpus/Anita_MUSSO_F_46_11e-v2/Anita Musso_1056.942_1060.072.wav,0.65,0.67,0.7460084,-29.86741,42.98901,0.04438216,-0.03736389,30.446821,0.06418127,1.372652,3.4635248,9.13955,36.804504,674.23627,1433.0044,-17.546448,1740.6083,-30.860056,2934.8064,-37.620785
../../aligned/aligner-corpus/Anita_MUSSO_F_46_11e-v2/Anita Musso_1056.942_1060.072.wav,0.66,0.68,0.7675769,-26.604986,37.77148,0.02950001,-0.03099677,30.172358,0.04580299,1.101607,3.8094528,4.1854897,37.913837,499.21646,1363.5885,-3.710928,1552.4653,-24.6818,2691.5378,-34.553772
../../aligned/aligner-corpus/Anita_MUSSO_F_46_11e-v2/Anita Musso_1056.942_1060.072.wav,0.67,0.69,0.8487609,-23.06919,34.803356,0.052003358,-0.026268026,30.205713,0.04648611,1.5635833,6.078369,1.9113318,38.412533,510.96317,1251.9639,-1.0725847,1638.3988,-20.980558,2720.9849,-32.414127
../../aligned/aligner-corpus/Anita_MUSSO_F_46_11e-v2/Anita Musso_1056.942_1060.072.wav,0.68,0.7,1.159358,-18.669443,33.60468,0.075998306,-0.01739145,30.247734,0.03813001,2.2945297,8.303945,-0.32869515,37.477077,365.4169,1383.0236,7.933021,1362.7635,-14.231613,2609.178,-30.472582
../../aligned/aligner-corpus/Anita_MUSSO_F_46_11e-v2/Anita Musso_1056.942_1060.072.wav,0.69,0.71,1.5074253,-19.369072,36.55275,0.10148656,-0.019792864,30.244825,0.05917034,3.058606,9.514054,-2.6608396,35.173645,398.0557,1379.2227,9.585676,1423.7174,-13.890354,2769.0476,-28.154337
../../aligned/aligner-corpus/Anita_MUSSO_F_46_11e-v2/Anita Musso_1056.942_1060.072.wav,0.7,0.72,1.8390965,-18.933556,37.619717,0.1045777,-0.020835096,30.213507,0.038922917,2.3059251,9.603733,-4.5988755,32.980774,406.82324,1439.2178,11.070039,1411.5135,-10.667727,2810.9385,-26.509607
../../aligned/aligner-corpus/Anita_MUSSO_F_46_11e-v2/Anita Musso_1056.942_1060.072.wav,0.71,0.73,2.0055609,-18.29395,36.85606,0.11204112,-0.02243574,30.162613,0.02836763,1.2823006,9.121341,-5.681544,31.188913,399.313,1365.1823,9.316125,1345.4042,-7.835942,2665.8416,-25.543139
../../aligned/aligner-corpus/Anita_MUSSO_F_46_11e-v2/Anita Musso_1056.942_1060.072.wav,0.72,0.74,2.1437092,-17.192009,37.96243,0.11329218,-0.028289435,30.0794,0.008799928,0.3886726,7.8562965,-5.9537253,29.629805,389.6923,1318.1266,6.4876113,1290.2217,-3.7905655,2576.5632,-25.1747
../../aligned/aligner-corpus/Anita_MUSSO_F_46_11e-v2/Anita Musso_1056.942_1060.072.wav,0.73,0.75,2.2524958,-15.614978,37.291515,0.10135455,-0.032439794,29.932793,0.0077365395,0.68562174,5.979267,-6.4424667,27.976654,379.75223,1306.8373,2.7261336,1245.2957,-4.968392,2529.614,-25.250519
../../aligned/aligner-corpus/Anita_MUSSO_F_46_11e-v2/Anita Musso_1056.942_1060.072.wav,0.74,0.76,2.3377035,-13.353114,35.917374,0.110632576,-0.04011954,29.79653,0.006446038,0.6045458,3.7933683,-7.9241004,29.830627,378.3497,1325.2455,3.665239,1226.5326,-6.870434,2534.3088,-29.658216
../../aligned/aligner-corpus/Anita_MUSSO_F_46_11e-v2/Anita Musso_1056.942_1060.072.wav,0.75,0.77,2.2674646,-12.8630905,33.393692,0.105490275,-0.044435453,29.80793,0.0033329118,0.54966074,1.9689049,-9.475585,30.60494,375.02463,1347.9296,1.7250037,1200.9741,-8.631673,2547.175,-32.372765
../../aligned/aligner-corpus/Anita_MUSSO_F_46_11e-v2/Anita Musso_1056.942_1060.072.wav,0.76,0.78,1.9238229,-14.264195,33.6143,0.11870635,-0.048563782,29.92245,0.0115528265,0.37500855,-0.1466562,-9.141106,31.657507,375.66284,1305.8226,2.7939937,1180.9064,-5.886871,2573.0115,-32.356342
../../aligned/aligner-corpus/Anita_MUSSO_F_46_11e-v2/Anita Musso_1056.942_1060.072.wav,0.77,0.79,1.4972878,-14.470497,34.409855,0.09498989,-0.048383325,29.558626,0.012577328,2.0294783,-1.4430221,-3.6812983,29.017914,364.06226,1294.0522,0.44272125,1163.3994,-2.5002086,2634.8572,-28.404501
../../aligned/aligner-corpus/Anita_MUSSO_F_46_11e-v2/Anita Musso_1056.942_1060.072.wav,0.78,0.8,1.1083883,-15.843839,34.32213,0.09062078,-0.046113845,29.122421,0.019768443,3.463208,-0.9695809,1.2052531,27.341574,342.46207,1319.5245,0.0,1138.5946,1.4209877,2603.929,-25.51065
../../aligned/aligner-corpus/Anita_MUSSO_F_46_11e-v2/Anita Musso_1056.942_1060.072.wav,0.79,0.81,0.9502892,-13.8960905,31.352205,0.06800015,-0.040556084,28.655165,0.022892827,3.2768748,1.32252,5.0027165,25.380608,564.10114,1287.1802,3.1570399,1666.9818,-6.122622,2771.3684,-24.525797
../../aligned/aligner-corpus/Anita_MUSSO_F_46_11e-v2/Anita Musso_1056.942_1060.072.wav,0.8,0.82,1.4372269,-12.162322,30.495646,0.06273318,-0.0353404,28.667442,0.025051145,2.126182,3.7958527,4.6971803,23.807474,594.5651,1297.4479,0.58039427,1714.2648,-7.347004,2790.5437,-23.133787
../../aligned/aligner-corpus/Anita_MUSSO_F_46_11e-v2/Anita Musso_1056.942_1060.072.wav,0.81,0.83,2.1706085,-8.1226635,30.439596,0.045104045,-0.027600745,28.67518,0.020859731,1.2779578,5.0406337,4.5294957,22.582106,636.59424,1312.4496,-1.3149444,1795.0674,-10.276485,2812.5105,-22.546394
../../aligned/aligner-corpus/Anita_MUSSO_F_46_11e-v2/Anita Musso_1056.942_1060.072.wav,0.82,0.84,2.8679085,-6.9457383,30.605642,0.029040344,-0.022749746,28.747648,0.025533905,1.6019702,5.314245,3.1213658,22.335266,438.14407,1366.9752,-4.2249956,1340.0712,-6.087794,2673.9714,-23.438896
../../aligned/aligner-corpus/Anita_MUSSO_F_46_11e-v2/Anita Musso_1056.942_1060.072.wav,0.83,0.85,2.935499,-8.1857605,28.208221,0.012797765,-0.01969272,28.89622,0.030132042,1.4038373,5.555769,0.8866556,21.641611,500.05356,1422.5192,-1.4083363,1427.1387,-9.23611,2625.6567,-23.744644
../../aligned/aligner-corpus/Anita_MUSSO_F_46_11e-v2/Anita Musso_1056.942_1060.072.wav,0.84,0.86,2.7667649,-9.274787,25.411478,0.010927811,-0.023012042,29.06568,0.02880822,1.2268481,5.6446958,-1.1445943,21.314705,524.10706,1403.1998,1.0633898,1499.07,-12.38483,2666.1404,-23.619461
../../aligned/aligner-corpus/Anita_MUSSO_F_46_11e-v2/Anita Musso_1056.942_1060.072.wav,0.85,0.87,2.6944625,-10.157284,23.766043,0.028208055,-0.029235348,29.155558,0.016231356,1.3777965,5.8360925,-1.8457922,21.212427,611.43854,1489.1411,1.7600918,1597.1469,-16.353079,2689.636,-23.101168
../../aligned/aligner-corpus/Anita_MUSSO_F_46_11e-v2/Anita Musso_1056.942_1060.072.wav,0.86,0.88,2.6007001,-11.527268,22.581451,0.043397736,-0.03259696,29.162367,0.010989462,1.1231226,5.504926,-1.023047,25.13854,597.59283,1504.3418,-1.9460988,1636.389,-22.540358,2705.1848,-26.95318
../../aligned/aligner-corpus/Anita_MUSSO_F_46_11e-v2/Anita Musso_1056.942_1060.072.wav,0.87,0.89,2.4132404,-13.225975,22.58747,0.07425311,-0.03586417,29.312302,0.010082944,1.0285964,5.0224166,1.5373507,29.6356,717.40356,1442.46,-9.002075,1742.6146,-25.322279,2764.7542,-31.8719
../../aligned/aligner-corpus/Anita_MUSSO_F_46_11e-v2/Anita Musso_1056.942_1060.072.wav,0.88,0.9,1.9794456,-13.696297,23.800241,0.07867855,-0.029682899,29.784708,0.0071970983,1.2647408,4.9260707,5.474481,33.24495,781.7718,1299.1587,-15.417872,1805.1471,-27.371351,2867.0583,-35.59876
../../aligned/aligner-corpus/Anita_MUSSO_F_46_11e-v2/Anita Musso_1056.942_1060.072.wav,0.89,0.91,1.6075878,-14.292779,27.657486,0.07285399,-0.02683928,30.345205,0.0047879876,1.943889,4.7072353,9.334245,32.99654,939.11914,1218.8815,-19.305576,1923.3556,-26.43147,3014.0344,-34.95096
../../aligned/aligner-corpus/Anita_MUSSO_F_46_11e-v2/Anita Musso_1056.942_1060.072.wav,0.9,0.92,1.3121432,-14.884448,31.018005,0.04505672,-0.02031435,30.797348,0.023345627,2.21915,4.43838,12.679019,30.784876,728.4194,1459.9093,-19.693264,1720.9442,-25.08317,2736.5183,-31.801071
../../aligned/aligner-corpus/Anita_MUSSO_F_46_11e-v2/Anita Musso_1056.942_1060.072.wav,0.91,0.93,1.224526,-16.449564,31.820353,0.037385125,-0.022858048,31.154022,0.03597412,1.6104712,4.1999917,14.372836,29.514753,557.04016,1561.1812,0.0,1514.3329,-23.54759,2527.3389,-30.401731
../../aligned/aligner-corpus/Anita_MUSSO_F_46_11e-v2/Anita Musso_1056.942_1060.072.wav,0.92,0.94,1.1219301,-16.76735,29.653551,0.034974612,-0.022198861,31.635775,0.03940857,1.2781549,5.0235248,14.196022,30.126032,307.27258,1734.7008,-2.3534882,1241.2178,-25.347626,2272.2969,-31.71531
../../aligned/aligner-corpus/Anita_MUSSO_F_46_11e-v2/Anita Musso_1056.942_1060.072.wav,0.93,0.95,1.0875515,-17.269007,27.437769,0.04696257,-0.024814157,32.17938,0.041258153,1.3387175,6.6491904,12.160396,30.654016,350.1427,1574.401,-3.6069336,1211.9467,-29.63292,2350.3984,-34.260952
../../aligned/aligner-corpus/Anita_MUSSO_F_46_11e-v2/Anita Musso_1056.942_1060.072.wav,0.94,0.96,1.0079155,-18.533789,25.921982,0.044854943,-0.027203515,32.686134,0.030028695,1.3404126,8.360253,10.085127,29.649607,348.4788,1569.6959,-5.362826,1247.0734,-31.42261,2298.21,-35.012436
../../aligned/aligner-corpus/Anita_MUSSO_F_46_11e-v2/Anita Musso_1056.942_1060.072.wav,0.95,0.97,0.99266404,-20.490465,27.729385,0.04526187,-0.030547902,33.080936,0.029622005,1.189799,9.586757,10.046443,26.511026,364.0653,1419.8256,-6.2173324,1225.2559,-31.61234,2245.7305,-32.72836
../../aligned/aligner-corpus/Anita_MUSSO_F_46_11e-v2/Anita Musso_1056.942_1060.072.wav,0.96,0.98,0.99228925,-21.862585,28.617304,0.036439553,-0.0293086,33.363197,0.0071784123,1.1831256,10.002052,11.748561,24.478865,342.6913,1446.7533,-6.2690854,1196.4625,-32.579998,2244.9026,-30.425323
../../aligned/aligner-corpus/Anita_MUSSO_F_46_11e-v2/Anita Musso_1056.942_1060.072.wav,0.97,0.99,1.0149604,-22.593796,29.228912,0.03056133,-0.02756142,33.410004,0.011329461,1.1538304,9.365156,13.581822,23.433569,326.59485,1499.5648,0.0,1124.8184,-33.32313,2238.7231,-28.70388
../../aligned/aligner-corpus/Anita_MUSSO_F_46_11e-v2/Anita Musso_1056.942_1060.072.wav,0.98,1.0,1.0048895,-22.577337,27.025835,0.037361965,-0.023547659,33.19929,0.01062405,0.94555664,7.937761,13.789472,25.672348,460.6976,1481.1855,-13.3971615,1427.043,-32.90749,2529.9573,-29.59939
../../aligned/aligner-corpus/Anita_MUSSO_F_46_11e-v2/Anita Musso_1056.942_1060.072.wav,0.99,1.01,0.9454563,-22.338373,26.4708,0.04070686,-0.023508362,32.94217,0.014274138,0.40607825,5.586361,12.103283,26.078215,494.84692,1530.2184,-8.636313,1460.058,-27.4667,2460.6575,-27.943056
../../aligned/aligner-corpus/Anita_MUSSO_F_46_11e-v2/Anita Musso_1056.942_1060.072.wav,1.0,1.02,0.8156712,-20.372744,27.225092,0.03852846,-0.019399373,32.82717,0.0154081285,0.9040311,3.368721,9.451057,27.311758,501.39072,1471.766,-7.0034122,1517.0887,-22.6593,2514.3787,-27.543701
../../aligned/aligner-corpus/Anita_MUSSO_F_46_11e-v2/Anita Musso_1056.942_1060.072.wav,1.01,1.03,0.70271134,-16.73519,26.063898,0.025249436,-0.02043803,33.10168,0.019286687,1.8751888,2.155916,6.840362,24.512701,326.69247,1624.3413,0.5555469,1199.9722,-18.761719,2194.2812,-27.20056
../../aligned/aligner-corpus/Anita_MUSSO_F_46_11e-v2/Anita Musso_1056.942_1060.072.wav,1.02,1.04,0.60508734,-14.858761,26.61115,0.01588157,-0.01825101,33.4292,0.033703506,2.323742,2.489507,2.6069899,20.732779,535.10657,1459.7979,0.0,1515.1774,-21.77743,2570.1985,-30.949747
../../aligned/aligner-corpus/Anita_MUSSO_F_46_11e-v2/Anita Musso_1056.942_1060.072.wav,1.03,1.05,0.58292365,-15.082588,27.297087,0.012203273,-0.020715212,33.727863,0.039134096,2.111987,3.4347486,-1.1208864,15.063634,736.5803,1369.1635,-21.33514,1799.7396,-25.83056,2837.8506,-33.070065
../../aligned/aligner-corpus/Anita_MUSSO_F_46_11e-v2/Anita Musso_1056.942_1060.072.wav,1.04,1.06,0.5556118,-15.510864,28.893402,-0.0001415604,-0.020008817,33.84612,0.0441317,1.4379162,3.5725086,-1.7294292,13.497058,967.5332,1148.5358,-22.483507,2103.5803,-27.166092,3184.9512,-32.57063
../../aligned/aligner-corpus/Anita_MUSSO_F_46_11e-v2/Anita Musso_1056.942_1060.072.wav,1.05,1.07,0.51239383,-14.790048,27.099405,-0.005415231,-0.015626127,34.026966,0.051246572,1.3368496,2.033661,-0.3708725,13.663215,950.3764,1079.0037,-23.634445,2079.8872,-25.052637,3148.0325,-29.19007
../../aligned/aligner-corpus/Anita_MUSSO_F_46_11e-v2/Anita Musso_1056.942_1060.072.wav,1.06,1.08,0.46623734,-12.970413,24.368528,-0.021557355,-0.018719079,34.10917,0.05671513,1.3095226,1.0590165,1.6783838,15.5716305,775.2037,1106.123,-83.325516,1852.3253,-82.437416,2854.5547,-85.19372
../../aligned/aligner-corpus/Anita_MUSSO_F_46_11e-v2/Anita Musso_1056.942_1060.072.wav,1.07,1.09,0.39945316,-13.002125,24.041313,-0.0058753714,-0.014276087,0.0,0.0,0.0,0.0,0.0,0.0,858.9502,1093.4691,-142.06543,1959.3984,-141.32538,2869.2878,-142.16351
../../aligned/aligner-corpus/Anita_MUSSO_F_46_11e-v2/Anita Musso_1056.942_1060.072.wav,1.08,1.1,0.47082248,-9.45268,19.667183,0.0056954212,-0.0129935695,0.0,0.0,0.0,0.0,0.0,0.0,663.34937,1270.7441,-201.0,1708.9113,-201.0,2584.8154,-201.0
../../aligned/aligner-corpus/Anita_MUSSO_F_46_11e-v2/Anita Musso_1056.942_1060.072.wav,1.09,1.11,0.6772515,-6.3658752,14.014728,0.046337396,-0.010144413,0.0,0.0,0.0,0.0,0.0,0.0,624.54395,1297.4413,-201.0,1694.7416,-201.0,2591.5508,-201.0
../../aligned/aligner-corpus/Anita_MUSSO_F_46_11e-v2/Anita Musso_1056.942_1060.072.wav,1.1,1.12,0.86508775,-2.0462463,7.3152175,0.04564092,-0.012320225,0.0,0.0,0.0,0.0,0.0,0.0,369.4205,1208.5045,-201.0,1407.4613,-201.0,2360.7341,-201.0
../../aligned/aligner-corpus/Anita_MUSSO_F_46_11e-v2/Anita Musso_1056.942_1060.072.wav,1.11,1.13,0.9631776,0.21963437,4.4630647,0.047693554,-0.017572781,0.0,0.0,0.0,0.0,0.0,0.0,364.34695,987.4725,-127.2069,1456.1371,-135.28317,2493.6438,-133.32098
../../aligned/aligner-corpus/Anita_MUSSO_F_46_11e-v2/Anita Musso_1056.942_1060.072.wav,1.12,1.14,0.9108117,3.1168401,3.437704,0.050587654,-0.012696463,17.809315,0.0,0.0,-4.100412,-112.84846,-101.15731,404.84583,793.9385,-51.90947,1463.1002,-70.459236,2579.5217,-65.53989
../../aligned/aligner-corpus/Anita_MUSSO_F_46_11e-v2/Anita Musso_1056.942_1060.072.wav,1.13,1.15,0.8546171,2.0409305,3.766281,0.06164041,-0.0129479645,19.999998,0.0,0.0,-2.1669939,-73.480194,-56.60863,603.08014,1039.3184,14.105445,1528.3154,-6.1994834,2669.738,0.4655694
../../aligned/aligner-corpus/Anita_MUSSO_F_46_11e-v2/Anita Musso_1056.942_1060.072.wav,1.14,1.16,0.9501284,-6.967409,13.003384,0.07649318,-0.021164147,22.209352,0.0,0.0,1.1654371,-64.012566,-44.221066,681.03467,1203.3888,11.1099615,1666.2838,-7.6627984,2756.0508,-2.9294255
../../aligned/aligner-corpus/Anita_MUSSO_F_46_11e-v2/Anita Musso_1056.942_1060.072.wav,1.15,1.17,1.1333,-16.81108,20.725382,0.08994498,-0.03365932,24.463587,0.0,0.0,3.9843452,3.960783,34.04817,757.46124,1396.5117,5.3435626,1809.9489,-9.55831,2866.7844,-6.8429933
../../aligned/aligner-corpus/Anita_MUSSO_F_46_11e-v2/Anita Musso_1056.942_1060.072.wav,1.16,1.18,1.398963,-23.635,28.236105,0.10584781,-0.04202668,24.53478,0.0,3.7124388,5.244123,3.1558514,34.6935,644.84015,1257.0009,7.561814,1879.5889,-11.302314,2872.1592,-10.049733
../../aligned/aligner-corpus/Anita_MUSSO_F_46_11e-v2/Anita Musso_1056.942_1060.072.wav,1.17,1.19,1.4965614,-23.959219,27.389572,0.11613176,-0.046428587,24.526293,0.024654582,2.6639235,5.2733436,3.0586498,34.17053,668.7012,1207.7198,4.522797,1895.6685,-11.203731,2871.448,-11.794681
../../aligned/aligner-corpus/Anita_MUSSO_F_46_11e-v2/Anita Musso_1056.942_1060.072.wav,1.18,1.2,1.450283,-25.263823,29.23416,0.1043036,-0.046773195,24.406128,0.01802401,0.70606446,4.581336,3.6848896,34.503933,666.0793,1250.3398,3.181523,1951.6924,-10.0843,2970.8694,-13.38309
../../aligned/aligner-corpus/Anita_MUSSO_F_46_11e-v2/Anita Musso_1056.942_1060.072.wav,1.19,1.21,1.3752604,-24.831718,27.854248,0.10241997,-0.046313155,24.191551,0.009384905,0.3500127,3.546786,4.827966,34.62495,662.5598,1251.2384,3.3403585,1965.9425,-10.311973,2959.495,-14.123591
../../aligned/aligner-corpus/Anita_MUSSO_F_46_11e-v2/Anita Musso_1056.942_1060.072.wav,1.2,1.22,1.200193,-24.753557,28.57847,0.08703723,-0.040003337,24.125,0.012051349,0.5141102,2.6019595,7.0444946,34.399776,675.876,1288.6722,2.8108532,1990.8004,-9.218911,2998.375,-12.203982
../../aligned/aligner-corpus/Anita_MUSSO_F_46_11e-v2/Anita Musso_1056.942_1060.072.wav,1.21,1.23,1.037748,-21.470495,27.523798,0.07688957,-0.03320356,24.270655,0.018890148,1.1108555,2.0630648,10.016538,33.47743,760.6631,1175.4998,5.0016923,2000.04,-6.0958004,2956.1455,-9.280911
../../aligned/aligner-corpus/Anita_MUSSO_F_46_11e-v2/Anita Musso_1056.942_1060.072.wav,1.22,1.24,0.80323,-20.951677,27.696466,0.065592945,-0.02948767,24.463821,0.0150716975,2.381186,1.2291344,11.546066,29.777992,701.014,1294.7716,5.689743,1689.4423,-3.0958974,2662.8262,-9.235704
../../aligned/aligner-corpus/Anita_MUSSO_F_46_11e-v2/Anita Musso_1056.942_1060.072.wav,1.23,1.25,0.6855612,-18.139616,25.8021,0.06992351,-0.026054695,24.540617,0.033171605,3.047618,-0.009951353,10.496881,27.394037,562.4673,1362.3584,12.076213,1466.557,3.557082,2401.012,-6.5906105
../../aligned/aligner-corpus/Anita_MUSSO_F_46_11e-v2/Anita Musso_1056.942_1060.072.wav,1.24,1.26,0.6365676,-17.566225,24.329214,0.06581969,-0.025816679,24.458368,0.029386945,2.9036887,-2.4726732,7.6338935,26.55815,567.7858,1458.5289,13.76995,1430.6625,7.0547433,2390.6155,-5.413109
../../aligned/aligner-corpus/Anita_MUSSO_F_46_11e-v2/Anita Musso_1056.942_1060.072.wav,1.25,1.27,0.6293531,-15.866025,22.510275,0.078633256,-0.02664294,24.415186,0.031043304,1.8647553,-4.175791,5.3159647,28.454544,711.45465,1332.4927,13.946506,1777.1305,7.689196,2814.6477,-5.1702704
../../aligned/aligner-corpus/Anita_MUSSO_F_46_11e-v2/Anita Musso_1056.942_1060.072.wav,1.26,1.28,0.626738,-13.655804,23.837236,0.0726792,-0.020304004,24.41202,0.015241009,1.1886994,-4.4924393,3.9462554,29.003922,976.86017,1252.7714,12.0168295,2101.9753,0.31113306,3241.0947,-9.141531
../../aligned/aligner-corpus/Anita_MUSSO_F_46_11e-v2/Anita Musso_1056.942_1060.072.wav,1.27,1.29,0.9111859,-8.513656,22.007238,0.10963291,-0.015280463,24.458557,0.013727206,1.0185801,-3.6601226,2.7337964,27.305975,1018.6333,1188.1378,13.280314,2136.0486,-2.844984,3287.6143,-9.971503
../../aligned/aligner-corpus/Anita_MUSSO_F_46_11e-v2/Anita Musso_1056.942_1060.072.wav,1.28,1.3,0.9450262,-5.977422,23.139847,0.095174365,-0.004410718,24.559072,0.01155554,1.0068465,-4.702111,1.8033234,24.846437,1084.7064,1151.4037,17.875238,2188.6995,0.46014753,3342.8552,-6.1770167
../../aligned/aligner-corpus/Anita_MUSSO_F_46_11e-v2/Anita Musso_1056.942_1060.072.wav,1.29,1.31,0.96465397,-4.1250434,19.94645,0.10375642,-0.00088595256,24.57281,0.019553447,2.6702754,-5.568643,0.7087536,22.640732,1034.8977,1089.1748,17.250114,2081.178,2.6590152,3166.7773,-5.4034095
../../aligned/aligner-corpus/Anita_MUSSO_F_46_11e-v2/Anita Musso_1056.942_1060.072.wav,1.3,1.32,0.77221805,-2.2696435,20.469194,0.06785852,0.0016086772,26.876633,0.029723018,4.3454375,-4.7648983,1.9270433,22.210106,973.78766,1061.52,7.448242,2008.4847,-3.471825,3089.0378,-12.115973
../../aligned/aligner-corpus/Anita_MUSSO_F_46_11e-v2/Anita Musso_1056.942_1060.072.wav,1.31,1.33,0.8095381,0.28282148,15.709808,0.064840816,0.0034799743,29.114267,0.03989259,6.0206,-2.0310721,2.2117267,26.225037,936.7697,1176.625,-4.6527295,1949.108,-14.646217,3042.34,-23.483835
../../aligned/aligner-corpus/Anita_MUSSO_F_46_11e-v2/Anita Musso_1056.942_1060.072.wav,1.32,1.34,0.8228746,1.9483324,15.7311945,0.04148489,0.0008067216,28.134506,0.03989259,6.0206,-0.4859102,3.364888,29.997965,784.30035,1238.7312,-5.003406,1677.1937,-14.792356,2797.889,-26.784708
../../aligned/aligner-corpus/Anita_MUSSO_F_46_11e-v2/Anita Musso_1056.942_1060.072.wav,1.33,1.35,0.8721709,-3.5442326,17.605768,0.044371452,-0.0043698754,24.78391,0.03989259,6.0206,-0.62864316,2.314217,35.51646,873.2822,1300.8335,-2.1866941,1815.2086,-15.694991,2937.7588,-27.283363
../../aligned/aligner-corpus/Anita_MUSSO_F_46_11e-v2/Anita Musso_1056.942_1060.072.wav,1.34,1.36,1.0009631,-9.248867,24.897278,0.076703034,-0.01938835,21.104982,0.03989259,6.0206,-2.4413307,2.941944,37.715076,923.17145,1339.0664,1.7128586,1917.4098,-13.095371,3172.7412,-25.270216
../../aligned/aligner-corpus/Anita_MUSSO_F_46_11e-v2/Anita Musso_1056.942_1060.072.wav,1.35,1.37,1.1796262,-15.746022,30.19987,0.101385504,-0.0302124,20.52327,0.03989259,6.0206,-1.8989304,2.7808762,36.250935,882.31104,1359.9609,1.7050921,1929.5905,-14.407954,3246.5784,-25.480669
../../aligned/aligner-corpus/Anita_MUSSO_F_46_11e-v2/Anita Musso_1056.942_1060.072.wav,1.36,1.38,1.3425713,-16.823544,33.08637,0.109583594,-0.035545617,20.02109,0.08001391,4.629956,-0.52483726,3.2692616,32.977463,635.7869,1441.8281,5.896149,1612.7784,-10.474926,2958.5593,-23.783936
../../aligned/aligner-corpus/Anita_MUSSO_F_46_11e-v2/Anita Musso_1056.942_1060.072.wav,1.37,1.39,1.4049019,-15.853396,31.922663,0.083010465,-0.031850476,19.813307,0.09312043,3.5650637,1.8302922,3.147075,29.035074,378.69833,1345.4425,10.606552,1252.4396,-6.7911124,2431.2937,-19.999815
../../aligned/aligner-corpus/Anita_MUSSO_F_46_11e-v2/Anita Musso_1056.942_1060.072.wav,1.38,1.4,1.4129912,-14.727806,30.843012,0.06735606,-0.027463106,19.674421,0.08807436,1.9536752,1.207668,2.8765547,29.44459,390.63712,1370.9364,9.828383,1313.1849,-7.933348,2458.758,-19.913034
../../aligned/aligner-corpus/Anita_MUSSO_F_46_11e-v2/Anita Musso_1056.942_1060.072.wav,1.39,1.41,1.2820283,-14.291896,28.327484,0.05914615,-0.024088189,19.1186,0.04290695,1.7329303,-0.6335315,1.7691971,28.804316,390.56982,1347.4688,8.294616,1340.8613,-8.941814,2413.0142,-18.663542
../../aligned/aligner-corpus/Anita_MUSSO_F_46_11e-v2/Anita Musso_1056.942_1060.072.wav,1.4,1.42,1.1521,-13.798283,27.804472,0.053822827,-0.025303582,18.4185,0.02710334,1.2263978,-1.6431266,0.9096988,28.6468,428.442,1475.8971,6.7535424,1439.5205,-8.7123785,2546.7585,-17.780746
../../aligned/aligner-corpus/Anita_MUSSO_F_46_11e-v2/Anita Musso_1056.942_1060.072.wav,1.41,1.43,1.0136412,-15.993863,26.828756,0.044715773,-0.030379852,17.756704,0.049914088,1.1250952,-2.4317732,0.5204115,28.151346,427.25406,1434.2218,-63.170612,1428.8242,-73.030365,2560.84,-78.26232
../../aligned/aligner-corpus/Anita_MUSSO_F_46_11e-v2/Anita Musso_1056.942_1060.072.wav,1.42,1.44,0.9410514,-18.16298,27.291594,0.03413733,-0.03315179,17.533707,0.062493965,1.0944263,-2.5603013,0.0,0.0,420.60507,1317.7717,-132.18056,1444.0045,-136.43396,2620.265,-139.54706
../../aligned/aligner-corpus/Anita_MUSSO_F_46_11e-v2/Anita Musso_1056.942_1060.072.wav,1.43,1.45,0.9453628,-17.285624,25.355894,0.022882743,-0.030431846,0.0,0.0,0.0,0.0,0.0,0.0,392.20798,1091.5045,-201.0,1400.9115,-201.0,2533.72,-201.0
../../aligned/aligner-corpus/Anita_MUSSO_F_46_11e-v2/Anita Musso_1056.942_1060.072.wav,1.44,1.46,1.00117,-12.536532,21.198517,0.03132862,-0.024652591,0.0,0.0,0.0,0.0,0.0,0.0,402.02896,1031.3544,-201.0,1412.6517,-201.0,2519.454,-201.0
../../aligned/aligner-corpus/Anita_MUSSO_F_46_11e-v2/Anita Musso_1056.942_1060.072.wav,1.45,1.47,1.0295165,-7.930413,15.84846,0.045981195,-0.017531231,0.0,0.0,0.0,0.0,0.0,0.0,403.24463,1051.9352,-201.0,1382.8896,-201.0,2503.899,-201.0
../../aligned/aligner-corpus/Anita_MUSSO_F_46_11e-v2/Anita Musso_1056.942_1060.072.wav,1.46,1.48,1.0380603,-5.969706,12.337026,0.04999557,-0.014722752,0.0,0.0,0.0,0.0,0.0,0.0,376.869,1171.2338,-201.0,1375.382,-201.0,2513.935,-201.0
../../aligned/aligner-corpus/Anita_MUSSO_F_46_11e-v2/Anita Musso_1056.942_1060.072.wav,1.47,1.49,1.007361,-4.300289,9.833644,0.053508047,-0.012118396,0.0,0.0,0.0,0.0,0.0,0.0,363.11557,1152.2399,-201.0,1369.496,-201.0,2502.9673,-201.0
../../aligned/aligner-corpus/Anita_MUSSO_F_46_11e-v2/Anita Musso_1056.942_1060.072.wav,1.48,1.5,1.0278772,-1.694952,7.2918944,0.04023105,-0.008747888,0.0,0.0,0.0,0.0,0.0,0.0,395.21432,1072.9349,-201.0,1392.1722,-201.0,2502.8684,-201.0
../../aligned/aligner-corpus/Anita_MUSSO_F_46_11e-v2/Anita Musso_1056.942_1060.072.wav,1.49,1.51,1.0439988,0.3562152,6.1595974,0.03828876,-0.004046536,0.0,0.0,0.0,0.0,0.0,0.0,457.02066,996.54474,-201.0,1385.4095,-201.0,2476.575,-201.0
../../aligned/aligner-corpus/Anita_MUSSO_F_46_11e-v2/Anita Musso_1056.942_1060.072.wav,1.5,1.52,1.0889506,0.9300585,4.778127,0.05690216,-0.0014180792,0.0,0.0,0.0,0.0,0.0,0.0,464.64297,1059.444,-201.0,1398.3273,-201.0,2443.3655,-201.0
../../aligned/aligner-corpus/Anita_MUSSO_F_46_11e-v2/Anita Musso_1056.942_1060.072.wav,1.51,1.53,1.1199418,1.2489585,3.1863549,0.058584243,-0.0042187567,0.0,0.0,0.0,0.0,0.0,0.0,424.275,1119.1993,-201.0,1376.0836,-201.0,2415.6384,-201.0
../../aligned/aligner-corpus/Anita_MUSSO_F_46_11e-v2/Anita Musso_1056.942_1060.072.wav,1.52,1.54,1.1265947,2.8187246,0.6049179,0.058242146,-0.0038537346,0.0,0.0,0.0,0.0,0.0,0.0,411.32687,989.9642,-126.77172,1405.4554,-132.70717,2421.793,-133.19281
../../aligned/aligner-corpus/Anita_MUSSO_F_46_11e-v2/Anita Musso_1056.942_1060.072.wav,1.53,1.55,1.043639,3.2636082,1.4882494,0.037646554,-0.0024113206,18.452442,0.0,0.0,-10.938408,-2.877427,18.573425,407.2573,973.6389,-49.569122,1395.1582,-66.147125,2445.4377,-63.727947
../../aligned/aligner-corpus/Anita_MUSSO_F_46_11e-v2/Anita Musso_1056.942_1060.072.wav,1.54,1.56,0.8706506,2.6901395,2.4552686,0.0417077,-0.005999143,16.487453,0.0,0.0,-9.328657,-3.8818398,18.21712,419.07486,937.83966,29.414835,1418.5248,2.072995,2444.0994,6.4311347
../../aligned/aligner-corpus/Anita_MUSSO_F_46_11e-v2/Anita Musso_1056.942_1060.072.wav,1.55,1.57,0.78858405,-6.3225036,11.00916,0.05723687,-0.018912552,13.811507,0.0,0.0,-7.8304124,-6.105799,17.473137,393.6864,1070.4535,34.675846,1463.0514,2.2315733,2487.073,8.204261
../../aligned/aligner-corpus/Anita_MUSSO_F_46_11e-v2/Anita Musso_1056.942_1060.072.wav,1.56,1.58,0.87235695,-15.220979,19.091429,0.06497056,-0.033968076,12.605182,0.0,0.0,-6.1102977,-4.17482,19.290857,420.18945,1139.4725,29.45738,1611.5199,-0.7869215,2577.1194,2.6528976
../../aligned/aligner-corpus/Anita_MUSSO_F_46_11e-v2/Anita Musso_1056.942_1060.072.wav,1.57,1.59,1.0441333,-22.591482,26.80308,0.077998616,-0.042999074,12.689784,0.0,2.2942848,-5.3073864,-2.1487935,21.545847,429.37686,1194.3729,30.0645,1690.4857,-0.98193794,2645.6902,1.3890291
../../aligned/aligner-corpus/Anita_MUSSO_F_46_11e-v2/Anita Musso_1056.942_1060.072.wav,1.58,1.6,1.2257804,-24.784605,29.00303,0.07840782,-0.04934734,13.750347,0.0,2.2942848,-6.478886,-2.7153847,24.695272,559.9958,1284.4523,16.745462,1852.6001,-5.5703263,2745.0159,-5.453182
../../aligned/aligner-corpus/Anita_MUSSO_F_46_11e-v2/Anita Musso_1056.942_1060.072.wav,1.59,1.61,1.1309167,-24.827875,29.91244,0.05576626,-0.044972938,14.679046,0.0,2.2942848,-5.2475104,-2.100563,28.364616,531.89777,1303.8519,17.37308,1705.7408,-6.1391244,2649.1353,-6.914999
../../aligned/aligner-corpus/Anita_MUSSO_F_46_11e-v2/Anita Musso_1056.942_1060.072.wav,1.6,1.62,1.0667287,-26.503845,32.36161,0.052443802,-0.045294445,15.657796,0.0,2.2942848,-4.497647,-0.7635438,30.829721,529.3675,1370.1669,9.110603,1623.5782,-11.874566,2541.3298,-12.9094095
../../aligned/aligner-corpus/Anita_MUSSO_F_46_11e-v2/Anita Musso_1056.942_1060.072.wav,1.61,1.63,0.85664576,-24.98056,32.91357,0.045148164,-0.03626128,15.752666,0.0,3.134032,-1.9113361,4.321286,31.924063,400.59692,1338.7031,12.907868,1378.7687,-11.031792,2361.8118,-12.361173
../../aligned/aligner-corpus/Anita_MUSSO_F_46_11e-v2/Anita Musso_1056.942_1060.072.wav,1.62,1.64,0.76545185,-23.78979,32.07212,0.056403983,-0.034718927,19.919504,0.18224229,3.9737794,0.39494625,8.406068,31.74376,399.57864,1245.3799,1.8272101,1397.149,-18.767275,2345.5408,-19.816788
../../aligned/aligner-corpus/Anita_MUSSO_F_46_11e-v2/Anita Musso_1056.942_1060.072.wav,1.63,1.65,0.6408389,-22.119642,30.78309,0.041360978,-0.02654551,23.955872,0.18224229,4.8135266,2.389065,9.988731,32.071808,383.9103,1249.9432,-6.865396,1348.7787,-24.797083,2344.634,-27.982422
../../aligned/aligner-corpus/Anita_MUSSO_F_46_11e-v2/Anita Musso_1056.942_1060.072.wav,1.64,1.66,0.5478367,-21.23047,29.755919,0.030059561,-0.021646248,28.095957,0.45482817,3.7800286,3.6620808,10.061483,32.85467,356.4524,1251.316,-10.790343,1375.6781,-33.01399,2364.5273,-36.820786
../../aligned/aligner-corpus/Anita_MUSSO_F_46_11e-v2/Anita Musso_1056.942_1060.072.wav,1.65,1.67,0.51382834,-20.81145,29.761358,0.026593767,-0.01640956,28.465454,0.42632842,2.8159397,3.175293,9.969963,34.71066,339.7704,1305.8158,-5.798777,1354.8956,-27.972738,2349.9885,-37.52728
../../aligned/aligner-corpus/Anita_MUSSO_F_46_11e-v2/Anita Musso_1056.942_1060.072.wav,1.66,1.68,0.4989394,-20.064806,30.712433,0.020367889,-0.014206876,28.954386,0.39782867,1.8518509,3.3420541,10.77097,33.981434,565.24976,1306.1442,-3.2884185,1671.3871,-28.005995,2613.6125,-35.592297
../../aligned/aligner-corpus/Anita_MUSSO_F_46_11e-v2/Anita Musso_1056.942_1060.072.wav,1.67,1.69,0.6674146,-19.317707,31.596163,0.02602441,-0.022848032,29.287844,0.07097989,2.5632982,5.0687118,11.148763,32.76327,790.8745,1307.2145,-3.2523267,1925.8491,-27.730703,2904.291,-33.52061
../../aligned/aligner-corpus/Anita_MUSSO_F_46_11e-v2/Anita Musso_1056.942_1060.072.wav,1.68,1.7,1.0123802,-17.301659,31.006096,0.035194293,-0.03259937,29.468996,0.06835983,3.4166286,7.3754025,11.110977,29.90107,788.67456,1428.2748,-2.6785805,1833.3969,-21.523798,2845.791,-30.084661
../../aligned/aligner-corpus/Anita_MUSSO_F_46_11e-v2/Anita Musso_1056.942_1060.072.wav,1.69,1.71,1.3946286,-15.177567,29.0502,0.0483188,-0.040477414,29.588797,0.037591323,3.0860164,9.048644,11.165146,28.464014,727.10504,1438.123,-0.89634496,1616.0552,-18.103264,2769.5095,-28.23437
../../aligned/aligner-corpus/Anita_MUSSO_F_46_11e-v2/Anita Musso_1056.942_1060.072.wav,1.7,1.72,1.7086926,-12.73267,26.907919,0.04752284,-0.037119266,29.676718,0.03241043,2.1021545,9.781055,11.404323,25.480787,491.3054,1723.7203,0.33092737,1256.1771,-8.729145,2343.8665,-24.841303
../../aligned/aligner-corpus/Anita_MUSSO_F_46_11e-v2/Anita Musso_1056.942_1060.072.wav,1.71,1.73,1.8940053,-10.799716,26.092758,0.04473284,-0.03313757,29.756304,0.005708076,0.7032211,9.906803,11.438567,23.4555,505.27002,1717.6024,0.5207634,1274.1967,-9.774756,2295.0422,-22.626183
../../aligned/aligner-corpus/Anita_MUSSO_F_46_11e-v2/Anita Musso_1056.942_1060.072.wav,1.72,1.74,2.0475013,-9.207845,25.843382,0.047192663,-0.026912883,29.84268,0.0066887825,0.4178126,9.849082,11.212436,23.788973,543.23456,1820.2653,-1.1905996,1337.9293,-8.215147,2330.1794,-22.972982
../../aligned/aligner-corpus/Anita_MUSSO_F_46_11e-v2/Anita Musso_1056.942_1060.072.wav,1.73,1.75,2.1503325,-8.3746195,24.906935,0.05339453,-0.024186993,29.929598,0.006291715,0.24824925,9.733967,10.864944,25.662043,705.00726,1651.1987,-0.6473867,1474.1631,-10.6567135,2614.635,-24.93548
../../aligned/aligner-corpus/Anita_MUSSO_F_46_11e-v2/Anita Musso_1056.942_1060.072.wav,1.74,1.76,2.231055,-8.824693,24.81008,0.046241563,-0.022707716,30.002493,0.005678885,0.29719338,9.475864,10.649992,24.320478,735.4292,1659.6227,-4.2315536,1554.8053,-12.552429,2565.2751,-23.64602
../../aligned/aligner-corpus/Anita_MUSSO_F_46_11e-v2/Anita Musso_1056.942_1060.072.wav,1.75,1.77,2.2699926,-9.439062,25.10026,0.037008207,-0.022791838,30.044678,0.0053340234,0.29815355,8.807158,10.768277,22.28317,567.3945,1645.8329,-5.9048657,1405.974,-8.908956,2209.3574,-21.559134
../../aligned/aligner-corpus/Anita_MUSSO_F_46_11e-v2/Anita Musso_1056.942_1060.072.wav,1.76,1.78,2.2714942,-10.151077,26.595041,0.03560288,-0.02315864,30.070398,0.0062020533,0.41903448,7.79381,11.635079,25.396034,564.27155,1628.61,-8.639245,1441.8168,-13.824534,2239.1672,-24.53269
../../aligned/aligner-corpus/Anita_MUSSO_F_46_11e-v2/Anita Musso_1056.942_1060.072.wav,1.77,1.79,2.1743186,-10.107871,26.907827,0.05113354,-0.022071594,30.27745,0.006319784,0.5047057,7.389028,13.155814,28.777487,543.3741,1552.0485,-9.638573,1376.7416,-14.471665,2307.875,-27.392736
../../aligned/aligner-corpus/Anita_MUSSO_F_46_11e-v2/Anita Musso_1056.942_1060.072.wav,1.78,1.8,1.888045,-10.209184,27.460356,0.054590132,-0.020305455,30.5243,0.0068347356,1.0723295,7.9083314,15.023639,35.149784,707.47437,1399.7682,-9.744907,1606.444,-20.975428,2643.4255,-32.631397
../../aligned/aligner-corpus/Anita_MUSSO_F_46_11e-v2/Anita Musso_1056.942_1060.072.wav,1.79,1.81,1.5844636,-12.608124,28.100403,0.058044016,-0.014682278,30.817682,0.00856791,1.5504748,8.755809,16.630323,36.52534,793.52203,1273.5988,-11.185422,1750.6725,-22.186228,2729.679,-32.570133
../../aligned/aligner-corpus/Anita_MUSSO_F_46_11e-v2/Anita Musso_1056.942_1060.072.wav,1.8,1.82,1.3691491,-14.179092,29.97753,0.06380094,-0.011558141,30.999151,0.014998485,1.6729555,9.034478,17.90655,41.066925,984.18915,1140.3055,-10.148307,2024.213,-26.970505,3103.8945,-36.010426
../../aligned/aligner-corpus/Anita_MUSSO_F_46_11e-v2/Anita Musso_1056.942_1060.072.wav,1.81,1.83,1.3564076,-16.038254,32.285397,0.07323753,-0.009716419,31.203201,0.014068425,1.1620213,8.8912115,19.047264,40.398685,975.1628,1099.968,-9.997191,1990.8905,-27.209452,3205.118,-35.208855
../../aligned/aligner-corpus/Anita_MUSSO_F_46_11e-v2/Anita Musso_1056.942_1060.072.wav,1.82,1.84,1.3571388,-15.583001,34.19975,0.067033984,-0.013536175,31.396852,0.015558869,0.7064247,9.118272,19.78409,39.997513,981.79315,1080.7103,-10.172626,2009.8507,-26.97428,3180.179,-35.442226
../../aligned/aligner-corpus/Anita_MUSSO_F_46_11e-v2/Anita Musso_1056.942_1060.072.wav,1.83,1.85,1.3635069,-15.826556,34.91367,0.053452387,-0.014177431,31.55365,0.012108129,0.86495095,9.286798,19.020737,40.810825,972.47266,1073.3702,-10.688401,2014.9316,-28.152304,3162.3801,-37.262177
../../aligned/aligner-corpus/Anita_MUSSO_F_46_11e-v2/Anita Musso_1056.942_1060.072.wav,1.84,1.86,1.323561,-15.264724,34.702145,0.053200614,-0.015705105,31.755728,0.013608416,1.1503797,9.04957,16.46494,43.013325,976.1704,1076.5127,-12.052419,2007.5592,-30.19819,3144.634,-40.50587
../../aligned/aligner-corpus/Anita_MUSSO_F_46_11e-v2/Anita Musso_1056.942_1060.072.wav,1.85,1.87,1.3185762,-15.072551,36.454407,0.06269727,-0.017544068,32.041416,0.009643007,1.136891,8.808786,13.452834,45.161358,970.2725,1129.7205,-14.434845,1978.1522,-34.440166,3204.5442,-43.37575
../../aligned/aligner-corpus/Anita_MUSSO_F_46_11e-v2/Anita Musso_1056.942_1060.072.wav,1.86,1.88,1.3739346,-15.665398,36.932648,0.06548796,-0.028208578,32.350124,0.005750092,0.90617436,9.325517,11.589873,44.48762,768.36554,1321.1382,-10.491339,1671.2705,-29.654707,2856.9246,-43.384613
../../aligned/aligner-corpus/Anita_MUSSO_F_46_11e-v2/Anita Musso_1056.942_1060.072.wav,1.87,1.89,1.4095058,-17.50421,38.670628,0.06920561,-0.034237757,32.59926,0.0053032334,0.8859589,10.384877,10.899539,45.55364,756.4624,1416.9536,-6.4499226,1616.565,-30.983963,2805.7031,-45.080708
../../aligned/aligner-corpus/Anita_MUSSO_F_46_11e-v2/Anita Musso_1056.942_1060.072.wav,1.88,1.9,1.4649143,-18.600863,38.49959,0.06844241,-0.043932095,32.760334,0.009715351,0.8036101,11.344204,10.371527,46.053234,746.93,1449.4479,-5.2588344,1564.7872,-31.913193,2757.0466,-46.408504
../../aligned/aligner-corpus/Anita_MUSSO_F_46_11e-v2/Anita Musso_1056.942_1060.072.wav,1.89,1.91,1.4634517,-18.811909,40.199596,0.07444637,-0.04169865,32.881275,0.009876662,0.53760743,11.845731,9.703315,48.38158,904.62286,1448.7982,-6.2546234,1670.2865,-37.328945,3054.917,-49.4971
../../aligned/aligner-corpus/Anita_MUSSO_F_46_11e-v2/Anita Musso_1056.942_1060.072.wav,1.9,1.92,1.5080147,-17.953268,40.888763,0.07001718,-0.042918283,32.975475,0.008963742,0.30211976,12.102439,9.300283,49.01592,769.0237,2120.206,-9.198262,1500.5619,-29.763746,3002.612,-50.589222
../../aligned/aligner-corpus/Anita_MUSSO_F_46_11e-v2/Anita Musso_1056.942_1060.072.wav,1.91,1.93,1.528093,-17.085732,41.066563,0.073890135,-0.040473644,33.031075,0.0043825163,0.15653773,12.143758,9.514425,37.397305,520.19086,2561.0413,-6.7586246,1256.2339,-20.14262,2400.2817,-38.940678
../../aligned/aligner-corpus/Anita_MUSSO_F_46_11e-v2/Anita Musso_1056.942_1060.072.wav,1.92,1.94,1.5227684,-16.873474,41.392307,0.06674794,-0.040028896,33.025135,0.0040445235,0.23544134,11.995854,10.160597,37.2255,520.89526,2587.2917,0.0,1268.9615,-20.128569,2409.1443,-38.23448
../../aligned/aligner-corpus/Anita_MUSSO_F_46_11e-v2/Anita Musso_1056.942_1060.072.wav,1.93,1.95,1.498216,-17.676268,40.245922,0.059790578,-0.04191436,32.951893,0.0033589744,0.17079602,11.820712,10.987914,37.03891,704.6863,1936.166,-9.210792,1459.0892,-27.523966,2598.0146,-37.341225
../../aligned/aligner-corpus/Anita_MUSSO_F_46_11e-v2/Anita Musso_1056.942_1060.072.wav,1.94,1.96,1.5066751,-17.96633,38.99034,0.061454833,-0.039259464,32.83256,0.004292656,0.32289174,11.708153,11.73495,46.244152,690.04865,1821.8799,-9.210792,1485.8568,-27.951813,2943.9524,-46.03767
../../aligned/aligner-corpus/Anita_MUSSO_F_46_11e-v2/Anita Musso_1056.942_1060.072.wav,1.95,1.97,1.5152625,-18.232016,36.880077,0.08566848,-0.040459704,32.68764,0.004206002,0.36816588,11.6850815,12.180446,47.716293,785.1675,1739.3198,0.0,1691.5884,-30.577688,3073.0007,-47.271008
../../aligned/aligner-corpus/Anita_MUSSO_F_46_11e-v2/Anita Musso_1056.942_1060.072.wav,1.96,1.98,1.4959154,-18.354055,36.597576,0.09207759,-0.039348744,32.539883,0.0039542546,0.51163036,11.59797,12.414551,48.103565,795.44904,1719.2291,-14.090394,1846.5708,-32.515232,3070.0938,-47.457764
../../aligned/aligner-corpus/Anita_MUSSO_F_46_11e-v2/Anita Musso_1056.942_1060.072.wav,1.97,1.99,1.4222903,-18.453691,38.115738,0.0883467,-0.03856716,32.387928,0.0035263414,0.42188647,11.316388,12.320309,47.938976,846.2143,1415.7178,-8.93838,1830.8301,-33.160976,2981.3997,-46.984715
../../aligned/aligner-corpus/Anita_MUSSO_F_46_11e-v2/Anita Musso_1056.942_1060.072.wav,1.98,2.0,1.367952,-18.749098,40.188282,0.07647548,-0.036907624,32.208878,0.004835161,0.35305706,10.971848,12.486463,45.138367,586.3328,1505.3247,-3.5824363,1527.5099,-25.798063,2663.9055,-43.77953
../../aligned/aligner-corpus/Anita_MUSSO_F_46_11e-v2/Anita Musso_1056.942_1060.072.wav,1.99,2.01,1.3763286,-19.453339,41.000263,0.08226355,-0.038474843,31.985481,0.0046266955,0.30058876,10.4767065,13.261253,42.09398,315.85193,1632.8126,1.5604925,1130.0961,-17.058859,2237.88,-39.959995
../../aligned/aligner-corpus/Anita_MUSSO_F_46_11e-v2/Anita Musso_1056.942_1060.072.wav,2.0,2.02,1.3790708,-19.621763,40.702812,0.088379435,-0.041661154,31.70169,0.003675172,0.22664513,9.798427,14.708211,44.031864,267.81262,1783.5103,0.0,1102.537,-16.703981,2276.788,-40.697906
../../aligned/aligner-corpus/Anita_MUSSO_F_46_11e-v2/Anita Musso_1056.942_1060.072.wav,2.01,2.03,1.3771044,-20.092453,39.632515,0.08800763,-0.048637494,31.358644,0.0044573247,0.35132948,9.251855,16.062826,42.516823,259.15976,1780.5277,0.0,1079.2455,-16.228045,2191.2373,-37.906113
../../aligned/aligner-corpus/Anita_MUSSO_F_46_11e-v2/Anita Musso_1056.942_1060.072.wav,2.02,2.04,1.3717289,-19.83718,39.77934,0.08922387,-0.047261328,31.010916,0.0060586617,0.5221763,9.222748,16.404999,44.82152,516.69653,1618.292,-5.1745486,1495.3011,-23.479095,2669.532,-39.28824
../../aligned/aligner-corpus/Anita_MUSSO_F_46_11e-v2/Anita Musso_1056.942_1060.072.wav,2.03,2.05,1.3996788,-20.95363,39.489914,0.07955111,-0.047264855,30.693747,0.00859002,0.7844079,9.505101,15.900257,48.11504,747.2903,1390.2959,-7.2338753,1787.1816,-28.40331,3063.6611,-42.11803
../../aligned/aligner-corpus/Anita_MUSSO_F_46_11e-v2/Anita Musso_1056.942_1060.072.wav,2.04,2.06,1.4035219,-21.059385,39.53257,0.06859691,-0.039812353,30.444984,0.00984764,0.950552,9.67945,14.66449,47.0209,735.5164,1419.2666,-13.643607,1779.2188,-27.654482,3001.2695,-40.72741
../../aligned/aligner-corpus/Anita_MUSSO_F_46_11e-v2/Anita Musso_1056.942_1060.072.wav,2.05,2.07,1.4118204,-20.349403,38.75643,0.057959244,-0.04203117,30.220703,0.012834568,0.75990224,9.6083,13.121768,43.48654,503.00232,1473.7432,0.0,1390.94,-20.679403,2497.7522,-37.18262
../../aligned/aligner-corpus/Anita_MUSSO_F_46_11e-v2/Anita Musso_1056.942_1060.072.wav,2.06,2.08,1.4085108,-19.805311,38.649494,0.06739605,-0.03970036,30.022486,0.011485513,0.87484664,9.675124,11.096814,36.84834,235.46019,1742.169,6.0799885,1091.7891,-16.254347,2029.1637,-31.058716
../../aligned/aligner-corpus/Anita_MUSSO_F_46_11e-v2/Anita Musso_1056.942_1060.072.wav,2.07,2.09,1.4115292,-19.459784,39.07014,0.072233565,-0.040239435,29.871185,0.008828447,0.5876906,9.845322,8.908366,37.576237,510.97842,1687.7056,0.0,1352.1525,-20.458456,2450.5186,-32.8023
../../aligned/aligner-corpus/Anita_MUSSO_F_46_11e-v2/Anita Musso_1056.942_1060.072.wav,2.08,2.1,1.3932039,-20.382698,39.140453,0.079540655,-0.035163585,29.762785,0.008515494,0.8000892,9.850227,6.770725,36.68839,746.38135,1677.3011,-19.711308,1708.7314,-25.912024,2817.1973,-33.308243
../../aligned/aligner-corpus/Anita_MUSSO_F_46_11e-v2/Anita Musso_1056.942_1060.072.wav,2.09,2.11,1.3522426,-21.008585,38.261322,0.07908153,-0.03465187,29.673853,0.010227648,0.49423933,9.73888,4.7731347,35.6455,805.7032,1703.6644,-13.082189,1740.4395,-26.489777,2986.4363,-33.81129
../../aligned/aligner-corpus/Anita_MUSSO_F_46_11e-v2/Anita Musso_1056.942_1060.072.wav,2.1,2.12,1.3108007,-21.602747,35.893555,0.0803697,-0.03046187,29.576424,0.009145119,0.42589164,9.404066,3.2929795,33.984768,567.54346,1564.7186,-9.893006,1531.6631,-24.703749,2689.7888,-33.61875
../../aligned/aligner-corpus/Anita_MUSSO_F_46_11e-v2/Anita Musso_1056.942_1060.072.wav,2.11,2.13,1.234902,-20.718193,32.77919,0.07841991,-0.026193418,29.489653,0.008975497,0.3696674,8.843512,2.8166924,35.135212,343.2539,1505.1041,0.0,1213.0042,-22.14097,2451.7136,-35.652367
../../aligned/aligner-corpus/Anita_MUSSO_F_46_11e-v2/Anita Musso_1056.942_1060.072.wav,2.12,2.14,1.1568147,-19.802742,30.03657,0.06898122,-0.01952208,29.41095,0.0057489066,0.47641078,8.304538,3.6366875,36.198574,377.34567,1196.9281,0.0,1247.7977,-23.765364,2414.0703,-36.753197
../../aligned/aligner-corpus/Anita_MUSSO_F_46_11e-v2/Anita Musso_1056.942_1060.072.wav,2.13,2.15,1.0917825,-20.022558,29.304924,0.0737756,-0.017402358,29.339674,0.005556463,0.88680744,8.208257,5.167522,36.503307,377.20837,1224.9375,-2.4671447,1252.7758,-24.571688,2428.1238,-36.614838
../../aligned/aligner-corpus/Anita_MUSSO_F_46_11e-v2/Anita Musso_1056.942_1060.072.wav,2.14,2.16,1.0841262,-20.998856,30.66245,0.06668913,-0.01939893,29.309395,0.010279311,0.64557356,7.370949,6.614519,35.789974,378.5045,1247.7117,-4.27016,1271.3136,-24.519766,2421.0706,-35.719006
../../aligned/aligner-corpus/Anita_MUSSO_F_46_11e-v2/Anita Musso_1056.942_1060.072.wav,2.15,2.17,1.0693326,-21.522535,31.692598,0.07533904,-0.020627886,25.440725,0.17336853,0.75831,5.3641973,6.996334,34.493298,376.37585,1266.3591,5.4579754,1282.9944,-15.811679,2436.179,-26.211304
../../aligned/aligner-corpus/Anita_MUSSO_F_46_11e-v2/Anita Musso_1056.942_1060.072.wav,2.16,2.18,1.0691783,-21.56401,32.066387,0.065393426,-0.025239015,21.714233,0.17673393,0.4701966,3.3838584,5.434447,34.029144,376.80344,1268.9664,12.376118,1285.2914,-10.253527,2407.7913,-18.670584
../../aligned/aligner-corpus/Anita_MUSSO_F_46_11e-v2/Anita Musso_1056.942_1060.072.wav,2.17,2.19,1.0026368,-20.731363,30.456446,0.06339806,-0.029449066,18.032034,0.17528671,0.999979,2.690568,2.6687527,33.716496,386.3346,1269.1959,19.676683,1327.6329,-3.4456558,2462.096,-11.531067
../../aligned/aligner-corpus/Anita_MUSSO_F_46_11e-v2/Anita Musso_1056.942_1060.072.wav,2.18,2.2,0.9636287,-21.06375,30.2824,0.07331776,-0.03369717,18.209885,0.021901162,0.99315166,2.624427,-0.0061066947,33.599293,390.03842,1251.6058,18.57039,1359.565,-5.5696826,2493.3071,-13.077152
../../aligned/aligner-corpus/Anita_MUSSO_F_46_11e-v2/Anita Musso_1056.942_1060.072.wav,2.19,2.21,0.9280284,-21.442513,31.445951,0.06940266,-0.034130972,18.179966,0.024326047,1.5367641,2.1766422,-1.0672054,33.386246,402.61807,1253.8383,15.923474,1437.1859,-4.3647966,2633.848,-14.085362
../../aligned/aligner-corpus/Anita_MUSSO_F_46_11e-v2/Anita Musso_1056.942_1060.072.wav,2.2,2.22,0.983668,-23.009352,33.03733,0.08336928,-0.032350585,17.99879,0.024375133,1.6440076,1.2960202,-0.2503802,32.262012,405.11093,1274.5947,15.727883,1452.9741,-4.277449,2650.361,-13.847809
../../aligned/aligner-corpus/Anita_MUSSO_F_46_11e-v2/Anita Musso_1056.942_1060.072.wav,2.21,2.23,0.984675,-22.456957,33.925297,0.06345105,-0.03108097,17.83636,0.0,1.6992186,0.5263153,1.4192251,32.91843,403.08704,1264.7002,16.010191,1449.3649,-3.472049,2620.5166,-14.578517
../../aligned/aligner-corpus/Anita_MUSSO_F_46_11e-v2/Anita Musso_1056.942_1060.072.wav,2.22,2.24,0.96422225,-21.260979,32.37308,0.062340613,-0.031353597,19.714525,0.01915981,1.3875713,-1.7789491,0.23431747,33.146374,395.90808,1213.896,17.117983,1432.4951,-5.352759,2572.6338,-16.817255
../../aligned/aligner-corpus/Anita_MUSSO_F_46_11e-v2/Anita Musso_1056.942_1060.072.wav,2.23,2.25,0.9235917,-20.806269,33.155014,0.060064074,-0.03328565,21.704847,0.01915981,1.075924,-3.3749802,-1.7291008,33.722065,389.98856,1162.9132,18.184692,1419.0668,-6.921622,2536.25,-19.073742
../../aligned/aligner-corpus/Anita_MUSSO_F_46_11e-v2/Anita Musso_1056.942_1060.072.wav,2.24,2.26,0.9112527,-21.623636,34.038452,0.061104786,-0.03584509,23.676092,0.01915981,1.075924,-4.525826,-4.017565,33.533115,403.771,1218.1168,13.226155,1463.4528,-9.10785,2647.1904,-20.495737
../../aligned/aligner-corpus/Anita_MUSSO_F_46_11e-v2/Anita Musso_1056.942_1060.072.wav,2.25,2.27,0.91899496,-22.80491,36.099987,0.07065406,-0.038238745,23.602783,0.01915981,1.075924,-4.673227,-3.9806664,34.3865,405.16528,1232.5435,14.393646,1478.7972,-7.948059,2721.8037,-20.144735
../../aligned/aligner-corpus/Anita_MUSSO_F_46_11e-v2/Anita Musso_1056.942_1060.072.wav,2.26,2.28,0.8595083,-22.893621,36.00005,0.07035211,-0.03991304,25.792738,0.34610653,2.2984397,-3.2733629,0.50389165,37.06976,401.86545,1231.0021,10.391549,1477.9419,-12.778262,2712.3254,-25.475397
../../aligned/aligner-corpus/Anita_MUSSO_F_46_11e-v2/Anita Musso_1056.942_1060.072.wav,2.27,2.29,0.8108352,-23.39408,36.060528,0.091548294,-0.036970917,28.043943,0.67305326,3.520955,-1.4791504,4.8622637,38.493362,388.7233,1179.604,9.947848,1442.232,-16.621492,2566.1914,-30.043121
../../aligned/aligner-corpus/Anita_MUSSO_F_46_11e-v2/Anita Musso_1056.942_1060.072.wav,2.28,2.3,0.828015,-23.109903,35.521275,0.08942423,-0.035769597,30.430552,0.67209285,4.739378,1.0601027,9.558814,34.427322,406.134,1279.4379,1.8724216,1487.5693,-20.927374,2236.5144,-29.355959
../../aligned/aligner-corpus/Anita_MUSSO_F_46_11e-v2/Anita Musso_1056.942_1060.072.wav,2.29,2.31,0.8027146,-22.781961,36.742935,0.08787376,-0.03144483,30.696869,0.3573554,4.452888,1.302101,9.625256,32.621567,401.27878,1274.516,2.0199516,1480.4437,-20.356035,2215.1133,-27.402674
../../aligned/aligner-corpus/Anita_MUSSO_F_46_11e-v2/Anita Musso_1056.942_1060.072.wav,2.3,2.32,0.7920945,-22.033106,35.67476,0.06210431,-0.036906045,30.82385,0.036033094,4.307597,1.2352183,9.592876,30.161297,411.82617,1375.9513,-66.719635,1553.4683,-80.55146,2438.9133,-83.62823
../../aligned/aligner-corpus/Anita_MUSSO_F_46_11e-v2/Anita Musso_1056.942_1060.072.wav,2.31,2.33,0.8297091,-21.155558,35.908512,0.08300614,-0.0353523,0.0,0.0,0.0,0.0,0.0,0.0,389.89243,1249.9543,-132.30827,1476.8876,-141.34352,2622.5027,-144.42029
../../aligned/aligner-corpus/Anita_MUSSO_F_46_11e-v2/Anita Musso_1056.942_1060.072.wav,2.32,2.34,0.7680497,-20.300241,33.01073,0.08395976,-0.033307616,0.0,0.0,0.0,0.0,0.0,0.0,378.527,1305.7662,-201.0,1493.2936,-201.0,2615.3835,-201.0
../../aligned/aligner-corpus/Anita_MUSSO_F_46_11e-v2/Anita Musso_1056.942_1060.072.wav,2.33,2.35,0.85270023,-19.62369,32.315792,0.09316603,-0.030696705,0.0,0.0,0.0,0.0,0.0,0.0,378.36002,1263.0419,-133.33504,1447.7236,-136.19154,2447.6228,-139.27719
../../aligned/aligner-corpus/Anita_MUSSO_F_46_11e-v2/Anita Musso_1056.942_1060.072.wav,2.34,2.36,0.69113255,-20.284634,31.765398,0.0655664,-0.029074108,18.411747,0.0,0.0,-6.4800367,1.7673326,29.422455,373.7739,1256.9956,-61.61202,1439.1685,-71.67209,2460.1482,-78.28541
../../aligned/aligner-corpus/Anita_MUSSO_F_46_11e-v2/Anita Musso_1056.942_1060.072.wav,2.35,2.37,0.7231987,-19.844381,31.556208,0.055480283,-0.028282037,18.200928,0.0,0.0,-4.4997325,2.8219616,30.613937,386.488,1185.5156,9.803927,1412.466,-7.62981,2448.6692,-18.336908
../../aligned/aligner-corpus/Anita_MUSSO_F_46_11e-v2/Anita Musso_1056.942_1060.072.wav,2.36,2.38,0.68089914,-19.75865,31.810883,0.055678558,-0.026534298,17.789108,0.0,0.0,-1.2987393,4.2636914,32.79855,374.3275,1098.7235,17.906572,1370.8182,-4.4074507,2411.8738,-15.878461
../../aligned/aligner-corpus/Anita_MUSSO_F_46_11e-v2/Anita Musso_1056.942_1060.072.wav,2.37,2.39,0.7060047,-18.849588,30.464346,0.05126393,-0.026251016,17.759825,0.0,0.0,0.86687,3.468466,34.266445,379.53568,1118.5743,16.760977,1370.3646,-4.5602565,2375.233,-15.946935
../../aligned/aligner-corpus/Anita_MUSSO_F_46_11e-v2/Anita Musso_1056.942_1060.072.wav,2.38,2.4,0.7390874,-19.317516,31.419683,0.056411136,-0.02793163,17.697916,0.0,4.890598,1.3333939,2.934519,35.859913,377.66907,1124.5468,16.775833,1378.2738,-5.1862173,2431.3376,-15.63533
../../aligned/aligner-corpus/Anita_MUSSO_F_46_11e-v2/Anita Musso_1056.942_1060.072.wav,2.39,2.41,0.700624,-20.940035,33.95547,0.04729585,-0.030306721,17.542929,0.0,3.4457543,0.8524358,4.1541066,36.4184,395.04288,1232.0355,11.005639,1442.0372,-8.064114,2601.834,-18.641085
../../aligned/aligner-corpus/Anita_MUSSO_F_46_11e-v2/Anita Musso_1056.942_1060.072.wav,2.4,2.42,0.6921137,-22.948828,37.27911,0.059087068,-0.034539834,17.292044,0.01116154,2.3688214,0.2850354,7.767624,36.331192,427.62024,1319.0326,9.809744,1538.8585,-7.600721,2852.6406,-17.36269
../../aligned/aligner-corpus/Anita_MUSSO_F_46_11e-v2/Anita Musso_1056.942_1060.072.wav,2.41,2.43,0.6246262,-23.045387,36.902637,0.04804064,-0.031808436,17.137053,0.013091333,2.3520005,-0.89139366,10.244231,31.588095,427.64145,1265.5165,9.125611,1539.2863,-5.1668983,2813.557,-11.978503
../../aligned/aligner-corpus/Anita_MUSSO_F_46_11e-v2/Anita Musso_1056.942_1060.072.wav,2.42,2.44,0.55668825,-20.688904,33.809628,0.042415034,-0.024784988,17.040934,0.01782443,3.2499669,-1.2857943,11.706865,29.29627,392.0457,1202.6945,-60.871815,1487.5563,-70.319824,2695.301,-73.154015
../../aligned/aligner-corpus/Anita_MUSSO_F_46_11e-v2/Anita Musso_1056.942_1060.072.wav,2.43,2.45,0.5632482,-16.63637,28.53919,0.030260762,-0.018699097,0.0,0.0,0.0,0.0,0.0,0.0,336.62735,1115.8755,-130.25334,1394.619,-135.14986,2469.9014,-135.35571
../../aligned/aligner-corpus/Anita_MUSSO_F_46_11e-v2/Anita Musso_1056.942_1060.072.wav,2.44,2.46,0.6181861,-12.02787,22.038225,0.029526344,-0.012274686,0.0,0.0,0.0,0.0,0.0,0.0,620.0966,979.6569,-201.0,1681.8373,-201.0,2786.9893,-201.0
../../aligned/aligner-corpus/Anita_MUSSO_F_46_11e-v2/Anita Musso_1056.942_1060.072.wav,2.45,2.47,0.7007111,-6.272634,14.635322,0.045018107,-0.0105462605,0.0,0.0,0.0,0.0,0.0,0.0,933.98456,771.57526,-201.0,2047.9144,-201.0,3062.1765,-201.0
../../aligned/aligner-corpus/Anita_MUSSO_F_46_11e-v2/Anita Musso_1056.942_1060.072.wav,2.46,2.48,0.7941165,-1.6924552,9.114343,0.04658742,-0.0052831336,0.0,0.0,0.0,0.0,0.0,0.0,1217.4419,510.45706,-201.0,2346.9104,-201.0,3351.2253,-201.0
../../aligned/aligner-corpus/Anita_MUSSO_F_46_11e-v2/Anita Musso_1056.942_1060.072.wav,2.47,2.49,0.8863082,1.4335324,6.4887347,0.051476892,-0.008244952,0.0,0.0,0.0,0.0,0.0,0.0,1177.5192,415.45337,-201.0,2330.0461,-201.0,3322.1643,-201.0
../../aligned/aligner-corpus/Anita_MUSSO_F_46_11e-v2/Anita Musso_1056.942_1060.072.wav,2.48,2.5,0.96509844,2.058361,4.874445,0.041918233,-0.007161696,0.0,0.0,0.0,0.0,0.0,0.0,1163.9369,364.74197,-201.0,2273.466,-201.0,3274.667,-201.0
../../aligned/aligner-corpus/Anita_MUSSO_F_46_11e-v2/Anita Musso_1056.942_1060.072.wav,2.49,2.51,0.9658339,1.9396162,5.355549,0.035426017,-0.0049543236,0.0,0.0,0.0,0.0,0.0,0.0,1181.7863,361.26895,-201.0,2333.319,-201.0,3273.8289,-201.0
../../aligned/aligner-corpus/Anita_MUSSO_F_46_11e-v2/Anita Musso_1056.942_1060.072.wav,2.5,2.52,0.87816,2.1682525,3.4293983,0.0115362285,-0.0021635082,0.0,0.0,0.0,0.0,0.0,0.0,1204.2133,508.09317,-201.0,2261.9006,-201.0,3277.5251,-201.0
../../aligned/aligner-corpus/Anita_MUSSO_F_46_11e-v2/Anita Musso_1056.942_1060.072.wav,2.51,2.53,0.69077593,0.5701995,5.5386252,-0.006440344,4.39703e-05,0.0,0.0,0.0,0.0,0.0,0.0,929.56885,821.1435,-201.0,1917.4647,-201.0,2977.4944,-201.0
../../aligned/aligner-corpus/Anita_MUSSO_F_46_11e-v2/Anita Musso_1056.942_1060.072.wav,2.52,2.54,0.50384235,-0.34363306,5.2883267,-0.014144559,-0.0040665353,0.0,0.0,0.0,0.0,0.0,0.0,674.1382,1042.0602,-201.0,1565.5778,-201.0,2676.3086,-201.0
../../aligned/aligner-corpus/Anita_MUSSO_F_46_11e-v2/Anita Musso_1056.942_1060.072.wav,2.53,2.55,0.5383753,-3.3436909,9.649196,0.03508633,-0.012901161,0.0,0.0,0.0,0.0,0.0,0.0,359.09497,1252.3451,-201.0,1333.0741,-201.0,2311.7722,-201.0
../../aligned/aligner-corpus/Anita_MUSSO_F_46_11e-v2/Anita Musso_1056.942_1060.072.wav,2.54,2.56,0.65102905,-2.3148148,9.03715,0.045220297,-0.011725992,0.0,0.0,0.0,0.0,0.0,0.0,594.4683,1066.0116,-201.0,1617.2535,-201.0,2655.4502,-201.0
../../aligned/aligner-corpus/Anita_MUSSO_F_46_11e-v2/Anita Musso_1056.942_1060.072.wav,2.55,2.57,0.72945386,-0.6024485,9.309108,0.053296875,-0.004338801,0.0,0.0,0.0,0.0,0.0,0.0,619.7053,1218.9608,-201.0,1523.7798,-201.0,2657.072,-201.0
../../aligned/aligner-corpus/Anita_MUSSO_F_46_11e-v2/Anita Musso_1056.942_1060.072.wav,2.56,2.58,0.6336395,0.3005639,9.608054,0.02653127,0.0028637527,0.0,0.0,0.0,0.0,0.0,0.0,921.06616,1217.4514,-135.25012,1812.7408,-138.9392,3003.9365,-139.15204
../../aligned/aligner-corpus/Anita_MUSSO_F_46_11e-v2/Anita Musso_1056.942_1060.072.wav,2.57,2.59,0.51614743,-1.2446619,11.029378,0.025489515,-0.0031724477,15.481596,0.0,0.0,-6.466098,-105.403015,-80.47855,725.17413,1456.1735,-64.391975,1479.1641,-73.98438,2605.9744,-78.13311
../../aligned/aligner-corpus/Anita_MUSSO_F_46_11e-v2/Anita Musso_1056.942_1060.072.wav,2.58,2.6,0.43941152,-3.9822862,12.15918,0.020468365,-0.012556356,15.493762,0.0,0.0,-4.7907233,-73.484055,-43.58222,713.8255,1272.44,7.606697,1606.2476,-12.1575165,2590.4197,-18.24765
../../aligned/aligner-corpus/Anita_MUSSO_F_46_11e-v2/Anita Musso_1056.942_1060.072.wav,2.59,2.61,0.50655776,-11.146373,18.819399,0.029312944,-0.02690486,15.496467,0.0,0.0,-3.236379,-9.386857,28.686838,652.8538,1250.3369,9.66766,1629.8578,-13.336285,2563.8408,-20.265785
../../aligned/aligner-corpus/Anita_MUSSO_F_46_11e-v2/Anita Musso_1056.942_1060.072.wav,2.6,2.62,0.6495275,-18.296455,26.160559,0.04954962,-0.039022703,14.744034,0.0,6.0206,-3.8114185,-8.508094,30.490671,808.3842,1149.1782,5.942089,1989.9427,-16.174404,2892.6794,-20.071451
../../aligned/aligner-corpus/Anita_MUSSO_F_46_11e-v2/Anita Musso_1056.942_1060.072.wav,2.61,2.63,0.85523605,-26.335238,36.605103,0.08136178,-0.04945017,13.912177,0.0,6.0206,-5.71426,-72.29272,-43.326664,749.44147,1376.4467,5.9228272,1849.4904,-11.944374,2865.549,-15.876386
../../aligned/aligner-corpus/Anita_MUSSO_F_46_11e-v2/Anita Musso_1056.942_1060.072.wav,2.62,2.64,0.8400645,-25.172277,36.96697,0.07688608,-0.044651315,13.154739,0.0,6.0206,-6.4316897,-104.08487,-81.12164,567.6257,1385.9017,-61.888012,1580.4689,-72.82642,2746.0447,-75.70621
../../aligned/aligner-corpus/Anita_MUSSO_F_46_11e-v2/Anita Musso_1056.942_1060.072.wav,2.63,2.65,0.8051968,-22.26323,35.092274,0.05111127,-0.028107988,0.0,0.0,0.0,0.0,0.0,0.0,646.2984,1340.436,-129.02058,1567.3545,-134.94312,2787.5251,-136.91948
../../aligned/aligner-corpus/Anita_MUSSO_F_46_11e-v2/Anita Musso_1056.942_1060.072.wav,2.64,2.66,0.7540274,-13.671533,24.32805,0.030760705,-0.011556598,0.0,0.0,0.0,0.0,0.0,0.0,671.8432,1313.5654,-201.0,1623.3374,-201.0,2761.4172,-201.0
../../aligned/aligner-corpus/Anita_MUSSO_F_46_11e-v2/Anita Musso_1056.942_1060.072.wav,2.65,2.67,0.8879361,-6.1899204,15.299187,0.030192161,0.0034414392,0.0,0.0,0.0,0.0,0.0,0.0,870.5101,1206.3307,-201.0,1852.3365,-201.0,2870.0227,-201.0
../../aligned/aligner-corpus/Anita_MUSSO_F_46_11e-v2/Anita Musso_1056.942_1060.072.wav,2.66,2.68,0.9976747,-0.15333702,7.433464,0.030771403,0.0075228126,0.0,0.0,0.0,0.0,0.0,0.0,747.39215,1163.8466,-201.0,1765.9072,-201.0,2788.993,-201.0
../../aligned/aligner-corpus/Anita_MUSSO_F_46_11e-v2/Anita Musso_1056.942_1060.072.wav,2.67,2.69,1.0874395,0.9026239,7.3587193,0.033358082,0.008680898,0.0,0.0,0.0,0.0,0.0,0.0,805.35077,1001.0342,-201.0,1796.7448,-201.0,2878.5598,-201.0
../../aligned/aligner-corpus/Anita_MUSSO_F_46_11e-v2/Anita Musso_1056.942_1060.072.wav,2.68,2.7,1.118986,1.6201192,8.926736,0.015355005,0.0114506185,0.0,0.0,0.0,0.0,0.0,0.0,699.0977,990.57227,-201.0,1474.7909,-201.0,2572.4192,-201.0
../../aligned/aligner-corpus/Anita_MUSSO_F_46_11e-v2/Anita Musso_1056.942_1060.072.wav,2.69,2.71,1.1139221,1.5976619,10.831891,0.007836577,0.014235497,0.0,0.0,0.0,0.0,0.0,0.0,596.13794,1406.3438,-201.0,1137.249,-201.0,2278.4453,-201.0
../../aligned/aligner-corpus/Anita_MUSSO_F_46_11e-v2/Anita Musso_1056.942_1060.072.wav,2.7,2.72,1.0155681,1.8915955,10.757401,-0.002529732,0.0154491365,0.0,0.0,0.0,0.0,0.0,0.0,563.45215,1460.8268,-201.0,1121.7833,-201.0,2274.6992,-201.0
../../aligned/aligner-corpus/Anita_MUSSO_F_46_11e-v2/Anita Musso_1056.942_1060.072.wav,2.71,2.73,0.8258038,-3.2106762,14.943988,0.0025600726,0.0071460134,0.0,0.0,0.0,0.0,0.0,0.0,714.8011,1457.4554,-201.0,1506.3219,-201.0,2644.5408,-201.0
../../aligned/aligner-corpus/Anita_MUSSO_F_46_11e-v2/Anita Musso_1056.942_1060.072.wav,2.72,2.74,0.6246725,-6.2275023,18.478994,0.009457007,0.0037819652,0.0,0.0,0.0,0.0,0.0,0.0,636.3867,1364.2028,-201.0,1571.643,-201.0,2697.7336,-201.0
../../aligned/aligner-corpus/Anita_MUSSO_F_46_11e-v2/Anita Musso_1056.942_1060.072.wav,2.73,2.75,0.5055244,-9.011484,20.699308,0.0015280662,0.0014902019,0.0,0.0,0.0,0.0,0.0,0.0,554.5439,1570.1484,-201.0,1524.5917,-201.0,2640.6943,-201.0
../../aligned/aligner-corpus/Anita_MUSSO_F_46_11e-v2/Anita Musso_1056.942_1060.072.wav,2.74,2.76,0.44878003,-5.871305,17.04436,0.0046501034,0.003057671,0.0,0.0,0.0,0.0,0.0,0.0,340.26794,1697.3232,-201.0,1166.8738,-201.0,2294.9185,-201.0
../../aligned/aligner-corpus/Anita_MUSSO_F_46_11e-v2/Anita Musso_1056.942_1060.072.wav,2.75,2.77,0.43030015,-5.480524,16.332394,-0.0016557332,0.0018179879,0.0,0.0,0.0,0.0,0.0,0.0,388.2396,1671.67,-201.0,1149.5895,-201.0,2260.2031,-201.0
../../aligned/aligner-corpus/Anita_MUSSO_F_46_11e-v2/Anita Musso_1056.942_1060.072.wav,2.76,2.78,0.70347804,-2.4368455,11.009414,0.016197776,-0.0042728786,0.0,0.0,0.0,0.0,0.0,0.0,763.9506,1323.7023,-201.0,1507.562,-201.0,2611.7866,-201.0
../../aligned/aligner-corpus/Anita_MUSSO_F_46_11e-v2/Anita Musso_1056.942_1060.072.wav,2.77,2.79,0.8111095,-3.4858818,10.276617,0.0088890465,-0.008736253,0.0,0.0,0.0,0.0,0.0,0.0,746.354,1231.0162,-201.0,1583.0479,-201.0,2603.0469,-201.0
../../aligned/aligner-corpus/Anita_MUSSO_F_46_11e-v2/Anita Musso_1056.942_1060.072.wav,2.78,2.8,0.8996234,-3.235345,8.339953,-0.0072948188,-0.014867173,0.0,0.0,0.0,0.0,0.0,0.0,743.1529,934.8768,-201.0,1707.3809,-201.0,2625.0352,-201.0
../../aligned/aligner-corpus/Anita_MUSSO_F_46_11e-v2/Anita Musso_1056.942_1060.072.wav,2.79,2.81,0.66652983,-7.3476787,13.698712,-0.049044568,-0.011467046,0.0,0.0,0.0,0.0,0.0,0.0,416.10916,1093.4818,-130.99954,1430.2523,-139.65651,2264.4854,-138.52959
../../aligned/aligner-corpus/Anita_MUSSO_F_46_11e-v2/Anita Musso_1056.942_1060.072.wav,2.8,2.82,0.62177116,-9.840567,15.635524,-0.05745964,-0.008452976,16.927296,0.0,0.0,-7.700569,0.04601097,23.740849,376.87497,1169.0776,-61.024197,1404.041,-77.27086,2274.498,-75.769646
../../aligned/aligner-corpus/Anita_MUSSO_F_46_11e-v2/Anita Musso_1056.942_1060.072.wav,2.81,2.83,0.7198542,-15.101273,19.054083,-0.028038805,-0.016848987,15.452892,0.0,0.0,-8.472472,-0.40937424,23.128975,358.91467,1217.1891,12.073873,1386.6705,-10.6627865,2253.3542,-10.368637
../../aligned/aligner-corpus/Anita_MUSSO_F_46_11e-v2/Anita Musso_1056.942_1060.072.wav,2.82,2.84,0.73497266,-17.885405,20.968103,4.4592656e-05,-0.022559583,14.203832,0.0,1.8621341,-6.51014,-0.26686892,23.311676,362.4403,1166.5034,16.390623,1483.868,-4.0442767,2252.2026,-7.3203373
../../aligned/aligner-corpus/Anita_MUSSO_F_46_11e-v2/Anita Musso_1056.942_1060.072.wav,2.83,2.85,0.8288196,-20.881975,24.92858,0.01975222,-0.033447146,12.682813,0.0,1.8621341,-5.10554,-1.0218722,23.73086,384.6519,1158.0438,21.297726,1492.9004,1.5061169,2272.448,-5.272492
../../aligned/aligner-corpus/Anita_MUSSO_F_46_11e-v2/Anita Musso_1056.942_1060.072.wav,2.84,2.86,0.8582185,-19.815165,25.537706,0.024317687,-0.033419266,12.708546,0.0,1.5976549,-2.9126322,-2.700466,23.95043,381.3032,1124.5873,23.485435,1484.7028,2.7429066,2308.2756,-5.9045053
../../aligned/aligner-corpus/Anita_MUSSO_F_46_11e-v2/Anita Musso_1056.942_1060.072.wav,2.85,2.87,0.96287876,-20.288992,29.276663,0.03729115,-0.034181315,12.573468,0.11025006,1.333176,-2.8631408,-5.4945946,22.605904,382.31787,1149.6879,24.304436,1379.0316,2.859785,2354.3938,-6.1595154
../../aligned/aligner-corpus/Anita_MUSSO_F_46_11e-v2/Anita Musso_1056.942_1060.072.wav,2.86,2.88,0.93706924,-19.732092,31.452383,0.050290644,-0.032049116,12.459004,0.0,2.2863624,-3.9682577,-6.620573,21.114504,378.78287,1100.0695,23.241632,1368.3721,1.8071604,2403.1458,-6.4323597
../../aligned/aligner-corpus/Anita_MUSSO_F_46_11e-v2/Anita Musso_1056.942_1060.072.wav,2.87,2.89,0.8374955,-20.172348,32.104473,0.072332524,-0.021547401,12.702758,0.02434487,3.504028,-6.763237,-1.7294512,22.33901,376.31216,1149.4308,18.525116,1361.3175,0.3945481,2357.9358,-7.670687
../../aligned/aligner-corpus/Anita_MUSSO_F_46_11e-v2/Anita Musso_1056.942_1060.072.wav,2.88,2.9,0.67282563,-18.836891,29.990122,0.07143543,-0.016744874,14.751193,0.0,4.7216935,-7.087544,0.13773377,25.69935,362.86902,1131.848,16.698824,1352.5206,-0.8580897,2386.2769,-11.13385
../../aligned/aligner-corpus/Anita_MUSSO_F_46_11e-v2/Anita Musso_1056.942_1060.072.wav,2.89,2.91,0.5746829,-18.57576,28.723475,0.050211113,-0.013611245,16.806137,0.0,4.7216935,-6.0460224,0.85463685,28.41271,362.70444,1199.1896,13.625995,1338.1312,-3.1260326,2347.8826,-16.146952
../../aligned/aligner-corpus/Anita_MUSSO_F_46_11e-v2/Anita Musso_1056.942_1060.072.wav,2.9,2.92,0.59645313,-17.844784,31.158945,0.022889853,-0.013525166,17.575989,0.0,4.7216935,-3.2893677,-2.7383718,29.013376,356.9102,1218.4469,20.00588,1342.4166,0.79464465,2384.8467,-13.639716
../../aligned/aligner-corpus/Anita_MUSSO_F_46_11e-v2/Anita Musso_1056.942_1060.072.wav,2.91,2.93,0.69538397,-17.647947,32.73546,0.028783804,-0.0133141205,16.698595,0.0,4.7216935,-4.1097503,-2.867452,27.743319,358.79077,1247.0253,18.279718,1334.9518,-0.6587098,2341.1885,-13.992784
../../aligned/aligner-corpus/Anita_MUSSO_F_46_11e-v2/Anita Musso_1056.942_1060.072.wav,2.92,2.94,0.813874,-17.638268,32.65404,0.05193077,-0.008996306,16.114447,0.0,3.5542443,-5.9162345,-2.682527,27.182808,355.2671,1183.4681,-52.46709,1330.9271,-65.2742,2311.529,-73.51464
../../aligned/aligner-corpus/Anita_MUSSO_F_46_11e-v2/Anita Musso_1056.942_1060.072.wav,2.93,2.95,1.0111594,-17.208395,30.808477,0.07251624,-0.010430823,16.256485,0.29325253,3.0459163,-6.997664,0.0,0.0,363.59473,1159.1147,-51.23276,1314.6124,-64.083595,2312.759,-72.62885
../../aligned/aligner-corpus/Anita_MUSSO_F_46_11e-v2/Anita Musso_1056.942_1060.072.wav,2.94,2.96,0.97604066,-18.572794,29.193657,0.061745305,-0.010636322,16.296812,0.24747594,2.5375884,-4.673593,0.8749609,34.24025,368.078,1103.0336,-44.06889,1309.3187,-59.869858,2308.5989,-68.32426
../../aligned/aligner-corpus/Anita_MUSSO_F_46_11e-v2/Anita Musso_1056.942_1060.072.wav,2.95,2.97,1.0322827,-19.401098,30.1353,0.067106046,-0.013535655,16.083582,0.15592274,3.1967096,-1.605835,1.7427057,34.5087,374.21716,1149.6855,31.933,1304.5939,6.9139695,2353.0515,-4.953196
../../aligned/aligner-corpus/Anita_MUSSO_F_46_11e-v2/Anita Musso_1056.942_1060.072.wav,2.96,2.98,0.8562484,-21.095755,31.603226,0.060831565,-0.017981285,16.118813,0.10642242,2.429475,1.4038877,3.025076,36.395435,374.56436,1232.6074,29.877768,1299.7408,2.296621,2410.4011,-9.264285
../../aligned/aligner-corpus/Anita_MUSSO_F_46_11e-v2/Anita Musso_1056.942_1060.072.wav,2.97,2.99,0.90168834,-22.290678,35.247845,0.069235556,-0.018372579,16.098265,0.063916795,1.4964409,1.914332,3.453328,36.199455,377.79834,1255.9695,25.625406,1320.5847,-1.8458651,2466.0503,-13.051778
../../aligned/aligner-corpus/Anita_MUSSO_F_46_11e-v2/Anita Musso_1056.942_1060.072.wav,2.98,3.0,0.86403614,-22.194986,35.691914,0.05941539,-0.015921356,15.912082,0.017913816,0.56340665,1.403449,3.8745136,35.683193,370.82162,1235.3176,30.405035,1309.0615,3.2237928,2456.8298,-6.970876
../../aligned/aligner-corpus/Anita_MUSSO_F_46_11e-v2/Anita Musso_1056.942_1060.072.wav,2.99,3.01,0.8581348,-22.528465,36.77318,0.05821984,-0.014453967,15.578382,0.0,0.3296235,0.0061867633,4.7676167,34.15423,371.0012,1208.94,34.712467,1300.0856,8.815733,2367.2903,0.58113223
../../aligned/aligner-corpus/Anita_MUSSO_F_46_11e-v2/Anita Musso_1056.942_1060.072.wav,3.0,3.02,0.8731756,-21.479858,33.83351,0.0625093,-0.017726952,15.10864,0.019599587,0.8797152,-0.97602206,6.48119,34.280483,368.73172,1249.5302,33.818127,1281.5687,8.946116,2295.0088,2.1007888
../../aligned/aligner-corpus/Anita_MUSSO_F_46_11e-v2/Anita Musso_1056.942_1060.072.wav,3.01,3.03,0.81976396,-21.554525,32.474453,0.06235364,-0.02017103,14.789921,0.019599587,1.4298068,-1.5758061,7.350909,34.67231,367.3381,1286.2286,-46.963394,1285.0616,-62.907368,2299.6116,-67.35117
../../aligned/aligner-corpus/Anita_MUSSO_F_46_11e-v2/Anita Musso_1056.942_1060.072.wav,3.02,3.04,0.71817446,-22.113394,30.588709,0.059535082,-0.022111908,14.790156,0.0,2.6736133,-2.084697,0.0,0.0,365.96005,1219.4296,-58.391827,1338.9933,-74.150154,2382.0464,-75.67443
../../aligned/aligner-corpus/Anita_MUSSO_F_46_11e-v2/Anita Musso_1056.942_1060.072.wav,3.03,3.05,0.631074,-22.406652,31.118979,0.045174986,-0.019853698,15.189205,0.04582031,2.1580365,-6.341421,6.3395696,26.346607,355.8121,1245.2153,-63.79501,1334.8181,-77.503525,2429.068,-77.31429
../../aligned/aligner-corpus/Anita_MUSSO_F_46_11e-v2/Anita Musso_1056.942_1060.072.wav,3.04,3.06,0.5497559,-20.988731,29.788279,0.020423444,-0.017978786,15.540965,0.03857705,1.6424598,-10.424122,5.315161,25.672516,348.81082,1250.3585,4.402731,1339.7772,-15.282382,2422.2625,-15.469947
../../aligned/aligner-corpus/Anita_MUSSO_F_46_11e-v2/Anita Musso_1056.942_1060.072.wav,3.05,3.07,0.5146045,-18.810715,27.717863,0.0010683234,-0.012753529,15.734693,0.024090527,0.50115186,-13.8931265,3.266345,24.324331,336.06027,1323.0443,3.5932262,1297.9875,-14.336566,2399.698,-15.466952
../../aligned/aligner-corpus/Anita_MUSSO_F_46_11e-v2/Anita Musso_1056.942_1060.072.wav,3.06,3.08,0.46886626,-16.679789,26.028717,-0.007582022,-0.010635319,0.0,0.0,0.0,0.0,0.0,0.0,514.17596,1385.0469,-201.0,1660.975,-201.0,2598.2898,-201.0
../../aligned/aligner-corpus/Anita_MUSSO_F_46_11e-v2/Anita Musso_1056.942_1060.072.wav,3.07,3.09,0.4194505,-14.562175,23.657257,0.005312702,-0.010999001,0.0,0.0,0.0,0.0,0.0,0.0,764.67035,1237.5542,-201.0,1998.2588,-201.0,2945.6826,-201.0
../../aligned/aligner-corpus/Anita_MUSSO_F_46_11e-v2/Anita Musso_1056.942_1060.072.wav,3.08,3.13,0.40800762,-12.921998,21.495337,0.020406969,-0.0081854025,0.0,0.0,0.0,0.0,0.0,0.0,1040.6774,997.9468,-201.0,2342.5024,-201.0,3295.5984,-201.0
